id,image,fold
0,575d24d81d,0
1,a266a2a9df,1
2,75efad62c1,2
3,34e51dba6a,3
4,4875705fb0,4
5,782ae9b7e7,0
6,9842f69f8d,1
7,aa94cfb806,2
8,50d3073821,3
9,28f865caaa,4
10,b5e1371b3b,0
11,57e394bc67,1
12,b45ad3932e,2
13,ef51bbcde7,3
14,d4d34af4f7,4
15,302ea1ac81,0
16,40dcff68b3,1
17,7845115d01,2
18,3da729cae9,3
19,d67e3a11d8,4
20,b3396387a6,0
21,a5471f53d8,1
22,d27831fef2,2
23,7faea04242,3
24,9747413253,4
25,b9614348f4,0
26,4696bb53e6,1
27,fc250f574c,2
28,005b452274,3
29,02117a400e,4
30,4e4cadf03f,0
31,1ee0d5b4d0,1
32,fdc28cafdc,2
33,2bc8a3db3c,3
34,35fd991255,4
35,68a2df3195,0
36,3be0c0be8e,1
37,1f0b16aa13,2
38,9bf982cf65,3
39,36aa21019e,4
40,d422a9eb8f,0
41,e0b6a1211f,1
42,5e3c2aa2bb,2
43,d3f3db7bd1,3
44,0b176124c4,4
45,368f635c4c,0
46,eabe9337a9,1
47,c4f2799234,2
48,50290e75f9,3
49,06289f69f8,4
50,3f8634704b,0
51,f328eccbf3,1
52,9f0ebbd210,2
53,dd5a90cf89,3
54,5b836d2444,4
55,6c3a9009c8,0
56,1263576548,1
57,5edb37f5a8,2
58,3f8a8f4715,3
59,75e041fbd8,4
60,58777a8c79,0
61,b2899a1188,1
62,428a877104,2
63,13209940d7,3
64,d0319f0ec5,4
65,b92ff69b44,0
66,9e9f3940a9,1
67,728890d8f8,2
68,754cfc4b80,3
69,127ef4105f,4
70,42758bb41a,0
71,4e6855dbae,1
72,4a12baccc4,2
73,3281bb7282,3
74,f1774ff8e8,4
75,628ea36ba6,0
76,95a60e2f42,1
77,e2421eee13,2
78,fcb49356a5,3
79,63feb8de2b,4
80,992572448c,0
81,0926b7396b,1
82,8f407b64ae,2
83,e667f4d290,3
84,7deaf30c4a,4
85,28553d5d42,0
86,be565e046b,1
87,b183b2ddc4,2
88,cf11876547,3
89,495a2d3c7c,4
90,a536f382ec,0
91,8fb68e99e8,1
92,a8247ac73a,2
93,9f3b8d0186,3
94,05be75afd9,4
95,e4159ed1de,0
96,3ed6d1c7df,1
97,7977cbab6f,2
98,b221ece24b,3
99,29d8bf3a4c,4
100,400e66f34e,0
101,4b522e501e,1
102,7fadb8efe8,2
103,702209f0b3,3
104,1d93614392,4
105,fd1be18f7d,0
106,670d9655d5,1
107,c72b546073,2
108,6a1783be17,3
109,b4f6d6f1aa,4
110,b525824dfc,0
111,e353ae4dd5,1
112,9ca84742ef,2
113,f057258486,3
114,393048bc6c,4
115,684555a30a,0
116,cae1a9f23f,1
117,525be73de5,2
118,5c7f310937,3
119,edf47afe46,4
120,a05ae39815,0
121,97515a958d,1
122,0898e36ee6,2
123,89a74723fd,3
124,9a48617407,4
125,d26e890704,0
126,1cad8c327b,1
127,db548fd037,2
128,cd1b2e49f4,3
129,1e4c96a9cd,4
130,f712d8b870,0
131,47aba1e35c,1
132,51e82eaa5b,2
133,535503063e,3
134,1ab49f29e9,4
135,8320911258,0
136,99909324ed,1
137,87d58438cc,2
138,9d462381b0,3
139,ab18a0a7fa,4
140,40a571cf0f,0
141,a076699b79,1
142,f45dbe6541,2
143,a9e940dccd,3
144,3de0c773e1,4
145,9fbd3ca3b5,0
146,340fe814a3,1
147,f65a52f375,2
148,e6674212ce,3
149,e030bdae65,4
150,da082ec985,0
151,737e6513c8,1
152,ef29bdffc6,2
153,7e9e46174c,3
154,a774562f5e,4
155,e92f67b3c7,0
156,b506085af9,1
157,948d73d7c2,2
158,ef654c1b73,3
159,cddb50fb4b,4
160,2a070f3dc6,0
161,40d01e18a0,1
162,62966dffd3,2
163,54dd074cd7,3
164,75d70e2411,4
165,eab589e1f2,0
166,9dcb043fa9,1
167,2f5377ea9d,2
168,db32e0961b,3
169,3634f29aac,4
170,c2e9f328e3,0
171,676d100540,1
172,a21afccc50,2
173,7d8b219e1c,3
174,057eae4f34,4
175,3116a9d54c,0
176,1c02222ef8,1
177,24a8ae9bb9,2
178,132e30cffd,3
179,dca83468d2,4
180,6c91546a57,0
181,5d752d6d4a,1
182,836eedd4a7,2
183,36e68393b6,3
184,697f80cece,4
185,53dab98a36,0
186,287aea3a3b,1
187,34d2af0f86,2
188,d3b6c08868,3
189,b80db32c01,4
190,62d6a9b673,0
191,96f8fd0d4b,1
192,045c5516a2,2
193,51846d4c96,3
194,0429d9759b,4
195,d8b2dc2e8a,0
196,962348be7a,1
197,8d141a0b7a,2
198,fd0d237b01,3
199,71d3bf0ea8,4
200,3edc3edf92,0
201,86c1109730,1
202,b5bdff9392,2
203,4702cdd4f0,3
204,baa743f4b4,4
205,ac412e6d55,0
206,6493c2cbab,1
207,d538594e14,2
208,a86acaf330,3
209,483b35d589,4
210,4b2af55ae6,0
211,8c1d0929a2,1
212,d629a56d3c,2
213,c450f9d7f4,3
214,40d96e8022,4
215,5ef096aeac,0
216,83bb4578eb,1
217,57e0cff707,2
218,96049af037,3
219,4d33311a1e,4
220,de1142326e,0
221,8daa7e48d1,1
222,7504d73df8,2
223,34b32c5b5d,3
224,960f92cf81,4
225,78f17697f2,0
226,0df375dc9c,1
227,0fea4b5049,2
228,8c477d6abf,3
229,3cc59342bd,4
230,726a0d854d,0
231,216aa6275d,1
232,8ddaea54ce,2
233,f342603c76,3
234,f456e3161d,4
235,86fe531971,0
236,b57e98a275,1
237,71438f26ec,2
238,d800abe6a4,3
239,51b639314d,4
240,a7b918d80e,0
241,f0c401b64b,1
242,a93c251217,2
243,c613a090a4,3
244,d765e53b37,4
245,c9da9c3d42,0
246,dfc8a378b7,1
247,e5a22d144d,2
248,f4e6928ad4,3
249,9385125b12,4
250,c901f669f8,0
251,89dfb7ba1d,1
252,6b996daecc,2
253,13037dfbb2,3
254,b74ecdfe20,4
255,eabed5b2b4,0
256,c78c89577c,1
257,e2f397d206,2
258,75c554378e,3
259,e446b0b4b6,4
260,203f6117be,0
261,7e737a6cc6,1
262,1efe1909ed,2
263,1825fadf99,3
264,106a222c7c,4
265,691dc0bc42,0
266,cc4344175e,1
267,19e749d0b1,2
268,e875c9a960,3
269,d7cf3bf4e9,4
270,5aa0015d15,0
271,ee5e9e4570,1
272,849881c690,2
273,d7398cfded,3
274,042c3d4e03,4
275,8c976149d0,0
276,9d173ec22a,1
277,8c88cf3d22,2
278,fba91bfec8,3
279,82e88d973f,4
280,c1c54ad4ba,0
281,395e668f22,1
282,4848a3a509,2
283,d9fb5b47e2,3
284,4985566e7d,4
285,a554d2d4a3,0
286,a4e8ba21d1,1
287,401b591c07,2
288,79fed5a697,3
289,9736389261,4
290,2717821409,0
291,ccd6841e90,1
292,8e13060816,2
293,24f27c4087,3
294,a9df598e16,4
295,5a3c38104c,0
296,a0ea88f6a5,1
297,299ba3cf34,2
298,82c340f4e5,3
299,4be85a3110,4
300,36f9ab3ee0,0
301,483372b203,1
302,0249c49180,2
303,56ac5605d2,3
304,99817a653e,4
305,cdc7d77e77,0
306,86866ba71d,1
307,d7a53f942a,2
308,690b1ce5f7,3
309,3f22f2ef0e,4
310,6ddd6a2ec1,0
311,f9b7196dfc,1
312,59ceec4f7c,2
313,16589f0702,3
314,a3e0a0c779,4
315,a9ee40cf0d,0
316,66e922c8d6,1
317,19bd49e478,2
318,c83d9529bd,3
319,17d70fee5c,4
320,5e95137d5f,0
321,de95e861ac,1
322,2f20c083c2,2
323,c593c662f1,3
324,cc6abe337d,4
325,104ce199d8,0
326,03eed26d3e,1
327,0aab0afa9c,2
328,99d3fbf9f1,3
329,af71ca4ab3,4
330,0cf9c803b8,0
331,ecdd648857,1
332,7aef9898fa,2
333,05be526826,3
334,4a5dd4ab45,4
335,0eacc93ff3,0
336,ea3cdbd7cd,1
337,811ebdcc4b,2
338,aa36cc5b96,3
339,1bf062bda2,4
340,2d20ee4eff,0
341,1804a4c064,1
342,16e308dbc3,2
343,2fa330e8fd,3
344,5bbcd70d2f,4
345,3fd0ef2d38,0
346,cef624f327,1
347,12bf4f2d3b,2
348,e437c3912d,3
349,8a02b4a1b7,4
350,f170afca54,0
351,20894faad9,1
352,2af3c055b2,2
353,27a240a570,3
354,2e69b6eb16,4
355,c67832ba86,0
356,253ee294d9,1
357,73a2f6fb22,2
358,ca6bdbc405,3
359,026b509cd4,4
360,9a672bfb51,0
361,99bf605daa,1
362,d31e3fbfdc,2
363,9ad32f3c66,3
364,9ade7d33f2,4
365,930a21d485,0
366,eb958a5cc8,1
367,055ec918b9,2
368,5ce554e890,3
369,3c9931bca2,4
370,173dd2f369,0
371,d45b4f3b85,1
372,335474f8ec,2
373,f7e555a0aa,3
374,638d8572e9,4
375,20b26a6ea7,0
376,268d39db25,1
377,3e1c11cfa8,2
378,cf706fb35a,3
379,6d1afa9d46,4
380,e98557c9f3,0
381,082d2910a8,1
382,e8757626a1,2
383,2ae425e5a3,3
384,211fc910da,4
385,df56e7aaad,0
386,687dd94fee,1
387,ac90c088ee,2
388,8b09c914be,3
389,d17f801011,4
390,52667992f8,0
391,9ce55dc2c9,1
392,bfb0e22b53,2
393,58135d5189,3
394,8a58fe70f8,4
395,4bd876a71c,0
396,bab30e51b8,1
397,4f3368a855,2
398,8db5bf9be2,3
399,1439570aec,4
400,246d86ba32,0
401,9790f7880b,1
402,d99612d949,2
403,35bbf1302b,3
404,81491224d7,4
405,ce1f9711bc,0
406,502b97b954,1
407,fd51e63c83,2
408,6ea5191e2a,3
409,f9a3d103d7,4
410,ea9dfe6f60,0
411,0280db420c,1
412,c5caa57f2f,2
413,2af008d773,3
414,8bc707feee,4
415,3ed6168b22,0
416,27870bb184,1
417,ba1287cb48,2
418,437fbb64d4,3
419,43a9c21cea,4
420,9898ce93d6,0
421,4279e747a0,1
422,44e3f20074,2
423,613fb95edf,3
424,2b723b8474,4
425,e204511fd2,0
426,1a4278325d,1
427,25dc959ebd,2
428,9ae45b19d3,3
429,d308ec69d3,4
430,ed52743a1b,0
431,2ee6e81e4b,1
432,86f2fd7025,2
433,6a6b42a6f2,3
434,bce4cdea7f,4
435,8d839a365b,0
436,065ce5590e,1
437,11a54f2eff,2
438,25143d7837,3
439,21d01a8e82,4
440,1495558064,0
441,f0e99e9761,1
442,e86361f5d1,2
443,a4e90eef39,3
444,cfe4dd9f7e,4
445,5c87971507,0
446,697af33de9,1
447,5446a64ba5,2
448,a39388bd3f,3
449,0642bbbc5f,4
450,95bdc8b506,0
451,71ef380e21,1
452,3bd3216e16,2
453,358b9acfb5,3
454,bea9b0571b,4
455,5bb48ef0ea,0
456,36ad52a2e8,1
457,5fe4e3f5e6,2
458,e1ce826217,3
459,7e40cdf1f3,4
460,39a05bf91f,0
461,cb677fab7a,1
462,dae96d99b2,2
463,f87154ea7b,3
464,91a0ac314c,4
465,d2ea97ca4e,0
466,0aabdb423e,1
467,90f37a2a28,2
468,60bbd166a4,3
469,6e3c46c2d3,4
470,75fb579aa2,0
471,ca511bc319,1
472,7af84fef71,2
473,76e1428103,3
474,6e1bb2e64a,4
475,a7f7a964f5,0
476,89097ab99b,1
477,7df431274e,2
478,a24080b4a0,3
479,96d917e53d,4
480,e24e9afdd1,0
481,38e018ea0f,1
482,3ca252f526,2
483,d82b80a555,3
484,851498c095,4
485,3501da04b2,0
486,4766b51055,1
487,6a57dfd211,2
488,a5c6cde207,3
489,ca78405cea,4
490,40aaac97b1,0
491,9a6cf411ff,1
492,b2d7897c35,2
493,96998d1ad9,3
494,ed081aa065,4
495,8b44342fd9,0
496,61eb86f1ad,1
497,91b91fd79b,2
498,d2c800e9f5,3
499,38dfaadc68,4
500,e53c2e8771,0
501,a8503e0dc8,1
502,1abf3d7f60,2
503,c37f7c51e9,3
504,aeba5383e4,4
505,63193879b4,0
506,c20069b110,1
507,c43b8533c4,2
508,2b76b47947,3
509,395726930f,4
510,c0aa0c7b66,0
511,7796858a9b,1
512,4b3502ca99,2
513,2fd6d25adb,3
514,822043d604,4
515,044106f759,0
516,c701db91e2,1
517,178d777950,2
518,caccd6708f,3
519,1a8a17f220,4
520,7f01757d4c,0
521,bfc47bbe13,1
522,966fb0cdbb,2
523,7ede03dede,3
524,a18073f2a2,4
525,90d2cdb32d,0
526,61b42f8f0e,1
527,f5a0acc480,2
528,c9c0097eff,3
529,816c9d6d5d,4
530,2e8bf3f7b3,0
531,00441f1cf2,1
532,d0cba16846,2
533,d30e73de0c,3
534,1f805e4733,4
535,7eb42fe5ec,0
536,526d63530a,1
537,46b7364b81,2
538,1af44a9db0,3
539,b45f9383e9,4
540,7c6221dbb8,0
541,44425dc49d,1
542,2fb152d905,2
543,368767c9fd,3
544,b13f0dbc84,4
545,6d2a5a2fe2,0
546,ea2f1fa62f,1
547,c4b05c2eaa,2
548,9a4f625408,3
549,3ee87f1ea6,4
550,d6437d0c25,0
551,76c76f8056,1
552,9a1fbef3e3,2
553,2596227117,3
554,49fe2ee7ba,4
555,89e7c93d0c,0
556,6b377327b1,1
557,71c0fd5516,2
558,868e7a70ae,3
559,a446aa0ac8,4
560,33dfe8b243,0
561,b461a5b584,1
562,a19163fc11,2
563,cb4f7abe67,3
564,5343d4837c,4
565,500683ce7e,0
566,37e16a5404,1
567,287d035464,2
568,adf2a57778,3
569,bc5ee94de7,4
570,eeb18519bc,0
571,14152a6731,1
572,ad297bfd03,2
573,976eb05465,3
574,0df9f16bc9,4
575,e2e4fcf83e,0
576,d7e93ff9c2,1
577,fa08ffa6fb,2
578,ce0e9def63,3
579,13483cd62a,4
580,d3fdfb9e8f,0
581,b04c03e3d4,1
582,32f4fd66ae,2
583,6d4fca6a35,3
584,12d09b9fa4,4
585,5fc8bb94aa,0
586,e0cfbbcb0c,1
587,11a14b9fcd,2
588,010ee525b6,3
589,f4f0fd932e,4
590,7e58c5a1f6,0
591,a65aa82e0a,1
592,c0ffa90c4a,2
593,7c6f76a267,3
594,5395202313,4
595,438443e0d3,0
596,e26c381bd4,1
597,3bbf82fc28,2
598,cd5c9532e4,3
599,bce104494c,4
600,ddd0be8fd5,0
601,60b7303d20,1
602,904f3fc07a,2
603,78299d7a47,3
604,abcc448c24,4
605,cc2da77c17,0
606,466030918d,1
607,7fc1ce1cb4,2
608,8b5232fcfa,3
609,db0238e5c7,4
610,74ab2a9b1a,0
611,bd20d18369,1
612,2ffea0c397,2
613,c95d3f1510,3
614,23eb8cfbc0,4
615,8811181716,0
616,d0bbe4fd97,1
617,4d6121dae0,2
618,e61d42e6cf,3
619,5b72ade49e,4
620,75ad49564c,0
621,a9ebb78977,1
622,886c96ffb8,2
623,99aefa9443,3
624,04711cb760,4
625,16b2119ffa,0
626,066e0ce4c3,1
627,3cf0203cfb,2
628,08dc3c9a23,3
629,bcae7b57ec,4
630,1aef65e24b,0
631,f8ba90c991,1
632,7a9610078a,2
633,475fafb8e2,3
634,80363d0458,4
635,32273eef45,0
636,530f759c6f,1
637,f6c49acac0,2
638,e7da2d7800,3
639,7db9b53d89,4
640,314db606fd,0
641,3984ed8d4e,1
642,10b19bd1f8,2
643,0a7e067255,3
644,7cc53fe88b,4
645,365abbdf77,0
646,d2aa4238f7,1
647,a32a4a2256,2
648,deaa0ab2b8,3
649,877f9dd0a7,4
650,2a00ecc904,0
651,3ddb2ff7a4,1
652,12e859e91d,2
653,4b0bf2f4a1,3
654,52aa9a9703,4
655,85cf79a2cb,0
656,e045664b46,1
657,07ac7e530f,2
658,b9fe322e38,3
659,1a288f27bf,4
660,1d685060b2,0
661,6752a6815f,1
662,6ec6e26ddd,2
663,35ba6f2faf,3
664,071c81c9ad,4
665,d1f8ba2f02,0
666,9447159eb7,1
667,fe6e74532c,2
668,36db23ceb8,3
669,39400e0443,4
670,2a6477aee8,0
671,7b9facc0aa,1
672,0c0f001366,2
673,7524d9b7bf,3
674,bb9ad7c38d,4
675,184356736e,0
676,0243477802,1
677,690514a3e4,2
678,e8e8b96a84,3
679,3a3281b37d,4
680,3ec0423139,0
681,99b602dde4,1
682,504c4a71d2,2
683,6d46f994ac,3
684,3c35e3ad94,4
685,6f438c26f8,0
686,393f2db0b0,1
687,1544a0e952,2
688,6c49b277aa,3
689,61bd2ee822,4
690,e560423302,0
691,4a7418a5e6,1
692,9fe6cf976f,2
693,9b29ca561d,3
694,e23a93a95e,4
695,97e2c6b5c5,0
696,45180088a6,1
697,9b4aa94aed,2
698,db02a30bb8,3
699,576fd5de16,4
700,ff1e8ed948,0
701,aeebdd4350,1
702,ad2113ea1c,2
703,9e64fc57aa,3
704,590e6bdbef,4
705,24e98d224a,0
706,3cb59a4fdc,1
707,b329b390e4,2
708,29fd4ba626,3
709,c0a37fef54,4
710,f646560aa9,0
711,96857148ca,1
712,c112748161,2
713,ea7425da00,3
714,e05db130be,4
715,4cfee4b097,0
716,b24d3673e1,1
717,855f399924,2
718,6c45d80d1e,3
719,17dd87aefa,4
720,114d62da56,0
721,80694aa70f,1
722,3a7bbd73af,2
723,7f826d312e,3
724,eaefc56247,4
725,fadd6aa446,0
726,2d5f4b0213,1
727,323882f716,2
728,70c082d59e,3
729,db1eeaebb4,4
730,a1b5786252,0
731,58ad72a266,1
732,4f349b5ab8,2
733,190febf6cd,3
734,07bb074759,4
735,6a0f5a8b42,0
736,2c45b152f1,1
737,d96af7c9cc,2
738,2fb6791298,3
739,a1526d3c6e,4
740,1d93cf8169,0
741,fc1ca2fbc8,1
742,977f897477,2
743,b0d8f26ad8,3
744,f9ef613aec,4
745,964030c032,0
746,e8f3e42b14,1
747,d768234bb5,2
748,41895b0f40,3
749,e8cf12563d,4
750,7c9c98aa11,0
751,0ee8a744eb,1
752,6d9be2f492,2
753,66073ddce1,3
754,989ac5a9de,4
755,e7442307b1,0
756,b2c6b8cf57,1
757,4680bc7373,2
758,f6e87c1458,3
759,299ef808f6,4
760,afd0b385f2,0
761,b749a000ea,1
762,2c3c64402e,2
763,27de423ad3,3
764,c230cf2a94,4
765,3f76f25042,0
766,356fa48ac4,1
767,ec50263c20,2
768,0ff9f243e5,3
769,1d0c2fa004,4
770,730bddcc02,0
771,f1d488759e,1
772,5ad4b1d1ff,2
773,df8c73e52b,3
774,90b1ba3bb5,4
775,430ef30e87,0
776,0bdd44d530,1
777,296de39be2,2
778,b112d9993c,3
779,d9cf4a6e42,4
780,90791c2417,0
781,1da21e7498,1
782,d31c506913,2
783,68b593f903,3
784,b858ccf692,4
785,65d05b81c6,0
786,d16591547d,1
787,ee94d2281f,2
788,8cf3a6a6f5,3
789,1f6afee5ca,4
790,3a33e1eb89,0
791,e7a5e5e55f,1
792,c2ca0ed857,2
793,80a458a2b6,3
794,231fc4e8e5,4
795,2a71003f75,0
796,19843b4e95,1
797,7ed0489985,2
798,5c9326f1e4,3
799,c58b6277c7,4
800,c0565001a3,0
801,b540435ae7,1
802,443985b709,2
803,903180c447,3
804,1f1e11aee4,4
805,0937b1df3f,0
806,932529c83d,1
807,22e7cc183f,2
808,026f97575b,3
809,ec2664c4cf,4
810,70b6a2347f,0
811,2fe186a2c6,1
812,8ce5996371,2
813,196cffdb4b,3
814,1d2c8152bd,4
815,7b79d341cf,0
816,9bbb4c7c34,1
817,5b86544456,2
818,c385af3da9,3
819,62f822b156,4
820,07a81dccdc,0
821,4336ac847e,1
822,6bc4c91c27,2
823,86bc03a8a6,3
824,53de66df2a,4
825,918548e472,0
826,13f448be07,1
827,0ad0876244,2
828,8bb7245636,3
829,f41a025b6c,4
830,fff4eb4941,0
831,d967181724,1
832,9c5c26e2ba,2
833,b942b38a45,3
834,ce14d335bf,4
835,9819277faa,0
836,572f0b1ad8,1
837,8f1fbec1e6,2
838,71a7c521ef,3
839,74d574653f,4
840,0589f557d7,0
841,cd249859fa,1
842,9a6c280d8d,2
843,e82162c83c,3
844,ffe228a7e3,4
845,6cb11aa807,0
846,bfd1d7caa1,1
847,52020f0fd4,2
848,a112a63d2d,3
849,52fdbf981f,4
850,5ebe9e404d,0
851,f85054273a,1
852,eed6c66da4,2
853,594712691d,3
854,cde14bb8d2,4
855,6a3f8feaea,0
856,94c8aad517,1
857,9b3d4b0379,2
858,3218afdc84,3
859,2a484baa26,4
860,113b017a91,0
861,dd9a94a797,1
862,f115ca6981,2
863,4c7e3c71e6,3
864,26000ba320,4
865,7242ab00b6,0
866,00cda0328c,1
867,7ed79f8f56,2
868,fcbc5cef9d,3
869,7555f79a2c,4
870,6c61beb5dd,0
871,62a0ee9480,1
872,1a28f06897,2
873,6a89c7a85d,3
874,a568cc8273,4
875,43a1dbb062,0
876,74fa9386ae,1
877,4514686882,2
878,45fb16d378,3
879,c387a012fc,4
880,2eea9d51a4,0
881,1017084680,1
882,5f397e0074,2
883,fb58510ec6,3
884,7d9f0dacd0,4
885,12e94a5a08,0
886,a6ec5aa914,1
887,dcb1eee6e3,2
888,ff2c353279,3
889,fdc06fea10,4
890,268baf2d43,0
891,48b8dda801,1
892,6fe2b681e4,2
893,7d0cea3489,3
894,2578042000,4
895,9b1f59b89c,0
896,934cd14205,1
897,65aadb6f53,2
898,e813f3d1bf,3
899,1a37af90c1,4
900,4b873df7a2,0
901,a35ba23a41,1
902,7c41f727b9,2
903,14bba6af57,3
904,d3f2336daf,4
905,dde0ee264b,0
906,bbf6b192be,1
907,dfae9e48e8,2
908,cd69ee839f,3
909,9f224c71b1,4
910,ec406285e8,0
911,9d5d4bf0f1,1
912,05c7033694,2
913,3f5adbdcc7,3
914,3c6fe4b7ba,4
915,0f3118527c,0
916,5bb976391e,1
917,efd1625f2a,2
918,9bdfa54912,3
919,641d0227e7,4
920,db1aa8e608,0
921,0bca43f7ff,1
922,2c707479f9,2
923,3a310860a3,3
924,a708e52d7c,4
925,052de39787,0
926,74de17e9c0,1
927,ceeaafc4fc,2
928,c3a963f5e3,3
929,ee0be71990,4
930,c756ff4e1f,0
931,d5023a3662,1
932,2ce9c36a98,2
933,09b9330300,3
934,578b502c6d,4
935,a6f4e0f8b5,0
936,d289692ab8,1
937,34205cc12b,2
938,89af21b6ee,3
939,c073b8930c,4
940,976fcded4d,0
941,802df9bb5e,1
942,8b5d38c547,2
943,d991b7a689,3
944,3792be0845,4
945,5f7c5c59f5,0
946,1bfe4907c1,1
947,f992390442,2
948,4e5d643b2f,3
949,a37249665e,4
950,db840e1e22,0
951,62e608259a,1
952,56810440c4,2
953,2bf5343f03,3
954,1ff0aa7f05,4
955,10e1c8e23a,0
956,8367b54eac,1
957,6b2f79f6ff,2
958,7582c0b2e9,3
959,04e7e791e2,4
960,95f6e2b2d1,0
961,725d92524a,1
962,9e9ce2e1ce,2
963,efec1f093e,3
964,944b46458e,4
965,09152018c4,0
966,7a2cca4fe5,1
967,8e2e3afdb5,2
968,e476b868ef,3
969,04315b9a64,4
970,6c557220d3,0
971,7c6a2df039,1
972,618f843c7a,2
973,e7c54b5f4e,3
974,5f8f40ce31,4
975,d6379c1f18,0
976,1af9e4bbd8,1
977,f2ffcf3de5,2
978,4d1efb19d7,3
979,590e32af63,4
980,fa25724a62,0
981,212ba67b51,1
982,5489419bef,2
983,d567ba2b49,3
984,06a361fc57,4
985,6c95018d5c,0
986,18449e54f8,1
987,60d3607be2,2
988,b3ad13d9e9,3
989,e1984bebe3,4
990,b8f92fbe45,0
991,ad3c6dd8d4,1
992,89dc091930,2
993,6b4d65ac6a,3
994,417833daa4,4
995,b552fb0d9d,0
996,5103df3d79,1
997,03511989ac,2
998,f870e41e88,3
999,cafb1294ae,4
1000,3a58606814,0
1001,17e67f9ce4,1
1002,49d061af38,2
1003,b07d4da735,3
1004,6cc7ba6c56,4
1005,cb974e60ca,0
1006,645abba5ec,1
1007,ede36de5cc,2
1008,e7ee2c6dce,3
1009,64e79513a3,4
1010,0a0814464f,0
1011,54cfa66336,1
1012,5aca18a605,2
1013,25845ace3d,3
1014,d2bd2fe97f,4
1015,52a0f74bfe,0
1016,e3cded005d,1
1017,4d04dcd959,2
1018,0c62dfc234,3
1019,92a6b22052,4
1020,29b25b5f03,0
1021,26ec6ef9df,1
1022,da5ab3d506,2
1023,aac747667e,3
1024,324eb2ec65,4
1025,3ced3ed63e,0
1026,5948185d4d,1
1027,c0ef23e386,2
1028,4e86258646,3
1029,e021227dbd,4
1030,e82b7a2abb,0
1031,45b5f91d83,1
1032,30d4fb116b,2
1033,b76b065012,3
1034,ac5f676fa3,4
1035,a1585a58b8,0
1036,c68ee0308f,1
1037,4085f8522d,2
1038,34bd0facd2,3
1039,1c8f6881ac,4
1040,999ae650f6,0
1041,cb9d520cf9,1
1042,5c70da6c2d,2
1043,54dd4658d1,3
1044,48b63017da,4
1045,be18a24c49,0
1046,de08c5a3b7,1
1047,97970b5e2c,2
1048,dbcfdf17a3,3
1049,64e050f295,4
1050,458a05615e,0
1051,f8e67987c6,1
1052,331ec135dd,2
1053,d73189228f,3
1054,30787ad7df,4
1055,c10ff1398a,0
1056,af84304233,1
1057,7a0c8915be,2
1058,116bd22fd0,3
1059,804fcfaf4b,4
1060,321f21e02f,0
1061,46f402dcd5,1
1062,2edf2e3e05,2
1063,ec3130dd0b,3
1064,cf7abfc8bb,4
1065,21ec084221,0
1066,1afddc8196,1
1067,98870eab9e,2
1068,a0b1d96545,3
1069,72e1a1b225,4
1070,912b573a9e,0
1071,b6f907680a,1
1072,d8fca64ebf,2
1073,3404341cc6,3
1074,3276e900a7,4
1075,e12cf83477,0
1076,543acdb5f7,1
1077,2ff32a1188,2
1078,23a7afcb36,3
1079,7d48474434,4
1080,1a2d060823,0
1081,2fbde8630d,1
1082,23afbccfb5,2
1083,0c6ec35477,3
1084,5ff89814f5,4
1085,a2530b4c45,0
1086,3fe0ac38f0,1
1087,ae11c7b131,2
1088,2fe4adfd48,3
1089,3b05fe7a3f,4
1090,73a4c6a4bb,0
1091,7cf386709a,1
1092,fe4f6ff284,2
1093,aebff18bf9,3
1094,51e8e6bfc4,4
1095,5673036fa1,0
1096,0d9adabb2c,1
1097,849ccdf3af,2
1098,3dbbc237c5,3
1099,d00d1ea52b,4
1100,f3220c3590,0
1101,27c035c5ae,1
1102,95a87f8ad9,2
1103,954502fb12,3
1104,95d3841a53,4
1105,81c1149163,0
1106,1ad819c49a,1
1107,8a4671cb47,2
1108,b172bd2032,3
1109,44f2ea3584,4
1110,ef753a06c7,0
1111,653c7e9f6c,1
1112,f43f1e7456,2
1113,25bbbcd4a4,3
1114,aa9eb3a110,4
1115,1abe5e8a3d,0
1116,d5a283c553,1
1117,44edd661a0,2
1118,dccd2d9d48,3
1119,0cc1d0e4c4,4
1120,fb5adc8df0,0
1121,f5d1176e33,1
1122,b12a5a2b61,2
1123,fd998a993b,3
1124,bb9af788f8,4
1125,e060d5ca41,0
1126,b3b37c152d,1
1127,48db3b8c5f,2
1128,c4adb6e891,3
1129,b839f805f9,4
1130,9494906f54,0
1131,58de316918,1
1132,ff24769ea3,2
1133,956c91fe94,3
1134,f87365827d,4
1135,ace37eaaf9,0
1136,cb0d3e8399,1
1137,f70f3b7b95,2
1138,62aad7556c,3
1139,843e8ec44e,4
1140,1b8d100712,0
1141,f7b1bd7c8a,1
1142,70e9442b06,2
1143,d453812357,3
1144,29a1b18e79,4
1145,dbb4b51e4a,0
1146,38673ade97,1
1147,a49edf33ae,2
1148,e0fb508d51,3
1149,8db9dc4a62,4
1150,28ad4e60c5,0
1151,51179a1815,1
1152,5f8b4540fd,2
1153,de5a329823,3
1154,5f48c8c123,4
1155,8cb6f8581b,0
1156,1a5c093750,1
1157,9fdb6afc56,2
1158,42a3baf571,3
1159,08173ef66c,4
1160,b9c2f9550a,0
1161,a89d1999ec,1
1162,1e4a233a70,2
1163,28a1187a4e,3
1164,58f752db3b,4
1165,e5a8368ee6,0
1166,8174aba668,1
1167,494daad56b,2
1168,75eaea4cdb,3
1169,6abe55deaf,4
1170,a0219e8fa4,0
1171,3e3431be2f,1
1172,3d0acb5c90,2
1173,0c02f95a08,3
1174,8ebceef687,4
1175,7588e9645a,0
1176,b1dc23a427,1
1177,47729d4ee5,2
1178,ebff5f719e,3
1179,48a18f5386,4
1180,83be4b6836,0
1181,8b0d16466b,1
1182,b09f0e743d,2
1183,4541761ba4,3
1184,d83a74a082,4
1185,cc216a861c,0
1186,28a9c6e5fe,1
1187,71a5b1da57,2
1188,6d55cabc8d,3
1189,07e08eee37,4
1190,b240778420,0
1191,fc944f4e1f,1
1192,fdb7d132be,2
1193,fa70e3da06,3
1194,1ee82dabee,4
1195,2da8da57e1,0
1196,4608c638bd,1
1197,9086ac3a68,2
1198,6b5b7c0ff3,3
1199,7bf203a987,4
1200,24522ec665,0
1201,691fec8ce2,1
1202,5e0d2e6c25,2
1203,3577258d6b,3
1204,ddcb1ad560,4
1205,78b2d05419,0
1206,9667824566,1
1207,f0b5a05a6e,2
1208,69013a70ab,3
1209,088a402727,4
1210,9fac28f3df,0
1211,8e48de3b3b,1
1212,c9ffc53f25,2
1213,5d0a9c5b0e,3
1214,9b31db4e58,4
1215,44ccc2d846,0
1216,f959f79b64,1
1217,84723e7793,2
1218,62df3565cd,3
1219,ceb69201df,4
1220,47bd268dcd,0
1221,572cb220d2,1
1222,ab767aef7f,2
1223,2615b5210d,3
1224,367c6fb412,4
1225,d58653f803,0
1226,c2973c16f1,1
1227,212f074587,2
1228,96523f824a,3
1229,df5df272fb,4
1230,4210e9e5d3,0
1231,32599d97bb,1
1232,f7c147ac61,2
1233,9d98768f19,3
1234,6ab003835b,4
1235,d35af24206,0
1236,53eb356632,1
1237,a91bd88bc1,2
1238,7d0b2f2046,3
1239,b1f0e104f5,4
1240,22a889c9fc,0
1241,d1f7d2876b,1
1242,b9afd7b728,2
1243,d14db20055,3
1244,eed279a71a,4
1245,0f4637e4b7,0
1246,63e32c0cfb,1
1247,65dc362682,2
1248,c038f6fbe4,3
1249,74d7a9df8b,4
1250,a803fc87d1,0
1251,c9a2990f76,1
1252,5cb2496125,2
1253,440534c8dd,3
1254,b345b1f290,4
1255,4575e490e4,0
1256,2fe0292eea,1
1257,21e1d6e38d,2
1258,f950879320,3
1259,4be0764138,4
1260,e6a78e36b5,0
1261,b97918ac08,1
1262,f78674d646,2
1263,a8e5845bf9,3
1264,255e6ef6a9,4
1265,e6ab700d15,0
1266,93a0cb5111,1
1267,1c37e37fbf,2
1268,941d0865da,3
1269,f724f78b1a,4
1270,7aebdeb9a7,0
1271,d66bb0c151,1
1272,1d955f8103,2
1273,939879034e,3
1274,ad6e3961d4,4
1275,b1e590d1c9,0
1276,568d119e66,1
1277,23a17b87e7,2
1278,a41357f553,3
1279,2af240d261,4
1280,44f5dd71ab,0
1281,705eb5d67a,1
1282,52914952d6,2
1283,6153c227de,3
1284,8270908d6a,4
1285,843447abe4,0
1286,cffbfab33b,1
1287,14dcf18fb6,2
1288,de51e77a38,3
1289,665e84dc42,4
1290,76ae1014bd,0
1291,abe36055e8,1
1292,49f22705ea,2
1293,5f3b26ac68,3
1294,bb8c452bb6,4
1295,e9909298a9,0
1296,bb697642ae,1
1297,f4784e4f1f,2
1298,8c9a0ea088,3
1299,f641699848,4
1300,93f8f9e663,0
1301,89ad7a93d6,1
1302,0a1742c740,2
1303,651b2c01bc,3
1304,3822f73c1c,4
1305,5cf1f1e7f0,0
1306,ec7522391d,1
1307,4329ab8cf6,2
1308,659193a103,3
1309,0fd38464c3,4
1310,fd4741392b,0
1311,71d10659ad,1
1312,520fdf987c,2
1313,fe9e558605,3
1314,1267729ffd,4
1315,fa92bed2b1,0
1316,70c8e14243,1
1317,e0bde1cf11,2
1318,074673a5f1,3
1319,33f32ff406,4
1320,a1e32a6815,0
1321,41a4f7424e,1
1322,a60daba969,2
1323,c7408f1d38,3
1324,7ab70da99b,4
1325,465486e6ec,0
1326,466548defe,1
1327,236a5cc090,2
1328,31ca053bec,3
1329,ad29bc8923,4
1330,4a5595076f,0
1331,638e7a825e,1
1332,384d50db49,2
1333,0c62ed4494,3
1334,4c4556fff0,4
1335,42d64f2d78,0
1336,dab1d67df7,1
1337,f1395b9e13,2
1338,81e9af5ee2,3
1339,dfe111dace,4
1340,cf241124b1,0
1341,fa3e7cb3f5,1
1342,5b8dc086ff,2
1343,5fd2a3ef64,3
1344,fa59461848,4
1345,9d12bb050d,0
1346,b51c130238,1
1347,f9645c1acf,2
1348,6c4568e51c,3
1349,973a4f6dad,4
1350,7d5c34a95a,0
1351,4514d46495,1
1352,1f7e3eef06,2
1353,5be9925bca,3
1354,23b7bf14c5,4
1355,31b1314c62,0
1356,346358e652,1
1357,0280deb8ae,2
1358,85fe62d2d6,3
1359,3c1d07fc67,4
1360,8adaa82868,0
1361,f0ea2421f0,1
1362,e51bea30d0,2
1363,a6c2605919,3
1364,d9a52dc263,4
1365,2b30313d2c,0
1366,50b3aef4c4,1
1367,9a478d8cf2,2
1368,019afb4b4e,3
1369,930183efe5,4
1370,1379940546,0
1371,badc44bb99,1
1372,cd5cd074f1,2
1373,9bd58061d6,3
1374,da689f1bca,4
1375,77abc5ed21,0
1376,4db68c7d25,1
1377,e4d9d1178c,2
1378,d353a74b66,3
1379,5ec6db5c9d,4
1380,18ac660fbb,0
1381,f5ffe74512,1
1382,1c6f7aac78,2
1383,b8dea42e1a,3
1384,26808abb2d,4
1385,9e7d89d4c0,0
1386,9c4c524983,1
1387,1f8bf8c5d0,2
1388,66fed16154,3
1389,1a4ffa4415,4
1390,56ced19ad6,0
1391,2556c23489,1
1392,28948eeb9c,2
1393,7f30236ca4,3
1394,d1665744c3,4
1395,e3755d5769,0
1396,3da64841d8,1
1397,eec46ec66b,2
1398,d71ca6d32c,3
1399,a3ff13b1e1,4
1400,db75c6831e,0
1401,92e617896e,1
1402,38232d1fe3,2
1403,657f2c34f7,3
1404,4a27de03fc,4
1405,8d89d465fc,0
1406,17c6355815,1
1407,0ddcd3fd1a,2
1408,a4442fef48,3
1409,5468ed796d,4
1410,5df9874c5b,0
1411,351ea99ec3,1
1412,226eeb7c67,2
1413,60dccbc52f,3
1414,6dea52e54d,4
1415,96f26f6397,0
1416,31d35c7c1d,1
1417,9a91290888,2
1418,f06ef6c8b7,3
1419,e5a6b92463,4
1420,d1c9be7e25,0
1421,76761b2a41,1
1422,b937f4558c,2
1423,642c62a158,3
1424,558b11d1b8,4
1425,b9fcc34ef3,0
1426,fd949b5ab7,1
1427,711e8ac5ba,2
1428,de7af15747,3
1429,6aff151236,4
1430,cd6ed7690d,0
1431,9bf8f84094,1
1432,cae4ec68c0,2
1433,59dabe134f,3
1434,a5ccb4f8d9,4
1435,71d7482240,0
1436,a31e485287,1
1437,669cb42011,2
1438,47048ac10a,3
1439,7d963e0f5d,4
1440,10ecfda568,0
1441,dce4c70a99,1
1442,06c2c49688,2
1443,92895cb54f,3
1444,a2a9c0c00a,4
1445,e880e84886,0
1446,39cd06da7d,1
1447,1cc428e57e,2
1448,b194549062,3
1449,455d05742a,4
1450,fa01eb7fdf,0
1451,f429b8e6f8,1
1452,52ac7bb4c1,2
1453,7ebd3f0cdd,3
1454,4d58e8d8ff,4
1455,7c0b76979f,0
1456,b60fbb288b,1
1457,ba6970504c,2
1458,d4d2ed6bd2,3
1459,60698e8fd2,4
1460,20658e781f,0
1461,a4a2921863,1
1462,5fd411e302,2
1463,1b5a148cd3,3
1464,0115703825,4
1465,18590f686a,0
1466,3e8b5729dc,1
1467,0d3b5ec2a8,2
1468,6a29fbd74b,3
1469,185172060e,4
1470,a898892737,0
1471,c38e2a42e3,1
1472,859f623d32,2
1473,c8d70d9c3d,3
1474,204c4657d5,4
1475,778a92f420,0
1476,9fd1beec08,1
1477,ed6f9dfa22,2
1478,e0da89ce88,3
1479,2b2fc71ee1,4
1480,99c726d528,0
1481,8d73c4f678,1
1482,cbe33c57c4,2
1483,0ba541766e,3
1484,aa1d903842,4
1485,4b44c94892,0
1486,4c89e94e36,1
1487,13fb17bf13,2
1488,b6e57d954e,3
1489,73c6a1ede1,4
1490,55f1ea73b3,0
1491,7d14f8cfe3,1
1492,5b435fad9d,2
1493,8ab2399b4a,3
1494,a71bdf1af7,4
1495,6e3bb2a882,0
1496,751a212e82,1
1497,2f3eff4192,2
1498,7f3e8a8526,3
1499,a667ba911e,4
1500,2fc6fb555f,0
1501,5d6126f459,1
1502,ad16edc8be,2
1503,be7014887d,3
1504,de15d35ebc,4
1505,e6f86c83e2,0
1506,03049b14ca,1
1507,a9b7fa7e0d,2
1508,ff038e87b1,3
1509,306e6e7743,4
1510,c20c019650,0
1511,07fef26d18,1
1512,f503aaf699,2
1513,e0751c41fd,3
1514,91dfba8133,4
1515,21df07989f,0
1516,4d9fa2d97f,1
1517,16bee00afc,2
1518,cbed0283ff,3
1519,0558ee87d3,4
1520,4520536c03,0
1521,a8ebba8c1e,1
1522,f121c06f1f,2
1523,1b2c817dd0,3
1524,abb1521de8,4
1525,9258e48804,0
1526,6d03f91961,1
1527,3e84576386,2
1528,5187e13789,3
1529,41e173a1e5,4
1530,f75842e215,0
1531,312c4ce754,1
1532,7b0c7e28f0,2
1533,30ff4f38cf,3
1534,ced8d25446,4
1535,216e2a7492,0
1536,1c687fea93,1
1537,ca2e414e83,2
1538,2a16af2ae7,3
1539,7469baeb8d,4
1540,ba67135a54,0
1541,57302cf4b6,1
1542,86abf1c96d,2
1543,64bfdd0b9a,3
1544,b93d143e4b,4
1545,543f5887a2,0
1546,e4be64c1fb,1
1547,8ec207d7df,2
1548,069035a9b5,3
1549,c26ff00bfd,4
1550,bb455284f1,0
1551,bc5382bc71,1
1552,4743e3bf8d,2
1553,a33fe0952a,3
1554,93d21b7636,4
1555,98c6496076,0
1556,a1fe3de7bb,1
1557,3d0f8c81ce,2
1558,efbfde4930,3
1559,8e9f2b9b61,4
1560,5f45291a7a,0
1561,a5805697c1,1
1562,0a31d7553c,2
1563,b0a7056a04,3
1564,ac6055e7ce,4
1565,f841c6dee7,0
1566,dfe230b677,1
1567,dcca025cc6,2
1568,73a3712fcd,3
1569,0adb490de5,4
1570,d49a9c4664,0
1571,533a731c99,1
1572,602dc99f10,2
1573,7f0bdb5e31,3
1574,efe3e72587,4
1575,c23d957c59,0
1576,46bbe12b2c,1
1577,ceef85bdc0,2
1578,fde2b51fb2,3
1579,ccc41663c6,4
1580,1e2bad4d81,0
1581,c4f5a0fa36,1
1582,a9a9fb1747,2
1583,ee48914076,3
1584,dd6a04d456,4
1585,d8aebd0f86,0
1586,eb84dfdf18,1
1587,939232310f,2
1588,a15b73d4bb,3
1589,1169f5b1fb,4
1590,f2f0278d02,0
1591,380dea2a5a,1
1592,97b058f254,2
1593,155bcd4b4d,3
1594,32062fff08,4
1595,29df15c1ce,0
1596,a00d2b180c,1
1597,e172f09faa,2
1598,1d798aa5d5,3
1599,d61e5c8296,4
1600,27d0d9af30,0
1601,d204ea9f09,1
1602,f1080b61e2,2
1603,416101e57a,3
1604,8f2087a1f5,4
1605,f0ec542987,0
1606,f234066134,1
1607,e335542c17,2
1608,d859ee2145,3
1609,37df75f3a2,4
1610,e2ba31c4a5,0
1611,617c746fca,1
1612,792929a4c8,2
1613,6313ab72dc,3
1614,6b95bc6c5f,4
1615,8650153427,0
1616,e12aab98e6,1
1617,bd51537256,2
1618,eec5e72dad,3
1619,8620f40403,4
1620,59944f0f92,0
1621,9cf8fe7f96,1
1622,0ae08cc1b2,2
1623,a8be31a3c1,3
1624,ca58996278,4
1625,6bffabbd91,0
1626,2f35ac4b87,1
1627,da02c9184d,2
1628,eaeb630ff4,3
1629,f26e6cffd6,4
1630,3187bf5c2d,0
1631,7b078e7517,1
1632,9a3abd0ba6,2
1633,bd526ca9af,3
1634,b10fa280bf,4
1635,b8525600cf,0
1636,5b2282b51e,1
1637,f62410bce9,2
1638,49a90688bf,3
1639,d0cd29a61b,4
1640,05139ad3e5,0
1641,bcf322c1c0,1
1642,d175b3b3cc,2
1643,5bffe3b52f,3
1644,f8f7ed86fc,4
1645,65a55b69b7,0
1646,1f73caa937,1
1647,dd81358234,2
1648,e11123ab8b,3
1649,566ac48e00,4
1650,d885813aa8,0
1651,3ec30a713c,1
1652,571b14e631,2
1653,ea2d80c951,3
1654,e02ae4f371,4
1655,c092a99d23,0
1656,10f3d01ddb,1
1657,813d6ad4ba,2
1658,d7f48d294e,3
1659,eb4fa16734,4
1660,ce15cc1d1a,0
1661,fba32825cd,1
1662,46386ca4a3,2
1663,0304e9ac37,3
1664,36a6901cae,4
1665,b2b0cd95a4,0
1666,33b50159a7,1
1667,5fa536d1fd,2
1668,9466e21e0d,3
1669,bebf415bd1,4
1670,b33d57c4be,0
1671,285b9ba056,1
1672,0db1b4c199,2
1673,10f24c23af,3
1674,62d30854d7,4
1675,e1323691be,0
1676,848c9d1a6a,1
1677,d66e51d456,2
1678,b355ed119c,3
1679,b012e9ebb0,4
1680,c60eaa0c75,0
1681,f0dc7e30fc,1
1682,18b26e968c,2
1683,be1c8cbf1f,3
1684,94c2d96e56,4
1685,343b0359b5,0
1686,b40457631c,1
1687,a33e7de189,2
1688,8693030eb3,3
1689,cadb46b378,4
1690,503aba826b,0
1691,c202c25557,1
1692,6d9b6a2c4b,2
1693,f425a67987,3
1694,3ee1cfb6a6,4
1695,e82421363e,0
1696,18ea3802ca,1
1697,d7196745e5,2
1698,1c0b2ceb2f,3
1699,9358b1fa7a,4
1700,aedad85e8c,0
1701,b966734278,1
1702,a7f4b8d36e,2
1703,3c30b8e27b,3
1704,4edadcf4c4,4
1705,0d19f89dc9,0
1706,6ebb6826bd,1
1707,af0e101aae,2
1708,77acb619e7,3
1709,336e1995cd,4
1710,217a70a0cb,0
1711,a970e82aac,1
1712,b0a18e86c7,2
1713,4c7f2b2c18,3
1714,f4ed280779,4
1715,c06ce71f9a,0
1716,128f3b0e36,1
1717,abfed46705,2
1718,7c7125fd12,3
1719,3b4be071a8,4
1720,e45c509f80,0
1721,14c6a2d399,1
1722,b83bc9dfa7,2
1723,ad1e8ef844,3
1724,87725b728a,4
1725,e340e7bfca,0
1726,6e1444d88d,1
1727,c353af5098,2
1728,1d4e60eafa,3
1729,ec817961a2,4
1730,6f78817a2d,0
1731,33887a0ae7,1
1732,3eabf280ed,2
1733,9a9ff1beca,3
1734,e1921d9a0d,4
1735,1b61e02423,0
1736,e93ddc6ba7,1
1737,1a2918c9b4,2
1738,c47c5ea1c3,3
1739,3507f73405,4
1740,308a9348e0,0
1741,fbb8eba26d,1
1742,aa1c0ba47b,2
1743,bedb558d15,3
1744,70ca8ebf7b,4
1745,467469da7b,0
1746,0a19821a16,1
1747,d3be640ed4,2
1748,0f6e788cdd,3
1749,cbeab7807d,4
1750,0cc5805a92,0
1751,fb1b82dde6,1
1752,09b7182dc5,2
1753,c1c5602088,3
1754,c9142b341c,4
1755,d998a07370,0
1756,5991bd3f1b,1
1757,8d2e68312e,2
1758,3406ef6042,3
1759,5a6f57c150,4
1760,d4d964f62d,0
1761,4161f35a4f,1
1762,b4e8386ff1,2
1763,290e9d9748,3
1764,41cfd4b320,4
1765,6fe4017680,0
1766,46673b0e2d,1
1767,f2c640742a,2
1768,c27409a765,3
1769,2067c20654,4
1770,c93d0ecd1d,0
1771,8b11113861,1
1772,0f5ada4dc3,2
1773,d0e720b57b,3
1774,d2f131dba8,4
1775,130229ec15,0
1776,e7f63a219f,1
1777,e865014246,2
1778,25e519b494,3
1779,7633c6bb70,4
1780,6da01cc490,0
1781,92107f9559,1
1782,bbfb2201ce,2
1783,b9f3886670,3
1784,2d64b6a8cf,4
1785,a0f050600e,0
1786,a43ca2ef73,1
1787,47fd4036e7,2
1788,c69962cd9d,3
1789,15d079a8e8,4
1790,7f0825a2f0,0
1791,f44f67efae,1
1792,04182ced8e,2
1793,1eaf42beee,3
1794,4e961dd0ed,4
1795,5c33b65396,0
1796,2380664922,1
1797,72544ea5b6,2
1798,74d1d03fc3,3
1799,6d17d3be2d,4
1800,1937cfedc5,0
1801,f34ae8f3d4,1
1802,a962f4c9b6,2
1803,5b7c160d0d,3
1804,9a4db0d7aa,4
1805,f3356c9ee4,0
1806,8a29fd2ebe,1
1807,211eb21702,2
1808,09f0f1f414,3
1809,cb2698f715,4
1810,0cc3c31d1a,0
1811,e73ed6e7f2,1
1812,db0bc63d60,2
1813,4c36178b41,3
1814,4989c6509e,4
1815,ac03463615,0
1816,66c61616cc,1
1817,b9ebcbc115,2
1818,8431a87cff,3
1819,59092e355d,4
1820,699608ddb7,0
1821,3d339265c4,1
1822,876e6423e6,2
1823,40e8e14e60,3
1824,d2e44953e6,4
1825,9ccf50ab0e,0
1826,bd7b74689d,1
1827,f1cdcb9883,2
1828,babbac4cf9,3
1829,0ce8a6ae62,4
1830,b5850af687,0
1831,6f0c88962b,1
1832,f807851f5a,2
1833,91127f8cc2,3
1834,d93d713c55,4
1835,c9695bff51,0
1836,254efd9043,1
1837,0532916483,2
1838,c5c4479af6,3
1839,b9bf0422a6,4
1840,bcd1e64c58,0
1841,ea6f13458b,1
1842,c3589905df,2
1843,7791af3409,3
1844,452b06b003,4
1845,fbc9a1149e,0
1846,760ca73d1f,1
1847,871be86f43,2
1848,c58124fdc4,3
1849,19b7d2e2bf,4
1850,8daf098aa9,0
1851,ab6dfe07be,1
1852,5800248c17,2
1853,d19827b32b,3
1854,a633b127fc,4
1855,bc811e2c1f,0
1856,34831dcd0c,1
1857,f6c784904d,2
1858,e0b778dacd,3
1859,2e035505d6,4
1860,697fee88c5,0
1861,fb3392fee0,1
1862,1b2daa0f13,2
1863,b097a1f9e0,3
1864,5575337f66,4
1865,eac822921e,0
1866,d3d19422ca,1
1867,ac64f9de3c,2
1868,a8aeef5395,3
1869,dce6361f2a,4
1870,432b8b6a71,0
1871,9722dedee7,1
1872,04c48c9743,2
1873,6e409af2cb,3
1874,0c19639aeb,4
1875,3fd616ef00,0
1876,8ce1df1a6a,1
1877,ea5dd02892,2
1878,92c25915f1,3
1879,479cb24efb,4
1880,f0efea3879,0
1881,2903f6a1db,1
1882,6f19d11809,2
1883,2be45a7fa3,3
1884,60584b31d8,4
1885,f11f8eab00,0
1886,98b1f3fb9c,1
1887,25edb9edb3,2
1888,70db04a203,3
1889,89562d9f7d,4
1890,39f101a807,0
1891,0473e496e2,1
1892,84bd944c62,2
1893,ba836c5ae1,3
1894,e51599adb5,4
1895,b2f87059da,0
1896,fbf5c91d9e,1
1897,ce31ab9b97,2
1898,fc6e9d0385,3
1899,9c298b9575,4
1900,cd6320c6eb,0
1901,e0f030eb66,1
1902,337b30caff,2
1903,4b0c5aad63,3
1904,a854446118,4
1905,a52d7a6cd8,0
1906,31b7874f49,1
1907,a3605816c1,2
1908,2424f4afc7,3
1909,776bdf9043,4
1910,c37e74bffc,0
1911,62a8f89a19,1
1912,bb6683a533,2
1913,b35b1b412b,3
1914,b77cc54800,4
1915,bc7e49ee18,0
1916,19fdb270d6,1
1917,020376e68e,2
1918,894d0e63f5,3
1919,fff987cdb3,4
1920,a05da102a2,0
1921,94b4f44698,1
1922,4bc87727b5,2
1923,0d8ed16206,3
1924,5b28c5ba50,4
1925,f839d20b06,0
1926,2bd87e0587,1
1927,90946392e6,2
1928,40ccdfe09d,3
1929,1ad2135efa,4
1930,05f09b380c,0
1931,92cc29d923,1
1932,3c7e2d60a7,2
1933,f5c2e66754,3
1934,a0c156a4c9,4
1935,7f1d5f223c,0
1936,ebe64e1d15,1
1937,8e84b940e3,2
1938,20ed65cbf8,3
1939,91ea3f1227,4
1940,ae61c09508,0
1941,5f248cf0d6,1
1942,9267f6cf9c,2
1943,6698a570b8,3
1944,a88dd59036,4
1945,d433300064,0
1946,7de95e0115,1
1947,734df57cdf,2
1948,999cb0ea3b,3
1949,4c8132dc73,4
1950,c42abd17f3,0
1951,107f1047c1,1
1952,884cd7af00,2
1953,0b45bde756,3
1954,ad0e66eabf,4
1955,980570ed7e,0
1956,7f99abfc11,1
1957,a56e87840f,2
1958,f2d2fefde3,3
1959,628f1de539,4
1960,59dfd4c7e5,0
1961,5a6cd229a9,1
1962,8ef76ed16e,2
1963,56ac0f17be,3
1964,04234be388,4
1965,4f5df40ab2,0
1966,ee3b4b8c91,1
1967,a07c1fd090,2
1968,84af757738,3
1969,bfbea83faa,4
1970,18e2325a5b,0
1971,29b5ee6cf5,1
1972,971c96134a,2
1973,e927f91b12,3
1974,22b0774178,4
1975,7812fc8116,0
1976,d514a30db3,1
1977,961b1310e9,2
1978,eb4efc4c39,3
1979,38a15dee44,4
1980,ffce5bbb9a,0
1981,fa9ad1caeb,1
1982,fe801cdc47,2
1983,3391f0befc,3
1984,563191e71a,4
1985,72e05a5a33,0
1986,1b0d74b359,1
1987,967d30a3fd,2
1988,021494f3aa,3
1989,a5d2da8488,4
1990,3228f203a3,0
1991,a849a4e373,1
1992,0ebe3ee1ad,2
1993,56b5540fd7,3
1994,0951f85203,4
1995,8063c65b57,0
1996,cff87534c4,1
1997,d65973824b,2
1998,e34c1220b1,3
1999,9d354bc9e7,4
2000,7d52a376a7,0
2001,58a51c861e,1
2002,a78e36d77b,2
2003,29c033e8e4,3
2004,cab2f6614c,4
2005,71a31f4356,0
2006,35499d9dd6,1
2007,abd1e3e008,2
2008,b637a7621a,3
2009,17a6639049,4
2010,1167a2bec9,0
2011,af7e9d7648,1
2012,b3f6affa39,2
2013,f7380099f6,3
2014,be6cf5cf86,4
2015,d25a2d736a,0
2016,bdb45f92c7,1
2017,70cef9fcb6,2
2018,2226df3ca1,3
2019,5936740d48,4
2020,1790f3520c,0
2021,2ebe2eba03,1
2022,d6b87a521f,2
2023,c92c37ecd7,3
2024,5326fad561,4
2025,b014624db2,0
2026,94b3a9ed9c,1
2027,f64190c47e,2
2028,438b4cc6e3,3
2029,7dfdf6eeb8,4
2030,bf72590547,0
2031,90194208b9,1
2032,6e3634da35,2
2033,c156fd6d44,3
2034,7268aedee7,4
2035,31250cef62,0
2036,063cf2a23a,1
2037,8b01d00cb0,2
2038,a70b2204f0,3
2039,e2a70ffdf6,4
2040,c256f6e713,0
2041,e1cb177740,1
2042,7716aa7b58,2
2043,f8b721f632,3
2044,90704ffe69,4
2045,ed60e1c64a,0
2046,3f2865df45,1
2047,d84e52cb6e,2
2048,fa9b3f2aa9,3
2049,3687839ecc,4
2050,66cfa202e5,0
2051,9e426ec524,1
2052,0f9b1dbc3f,2
2053,b342a4959d,3
2054,4ca8350f11,4
2055,cd6140444f,0
2056,25a9f40814,1
2057,96d1d6138a,2
2058,fc4c223773,3
2059,a69586db4e,4
2060,e9f4d6f927,0
2061,608574722a,1
2062,20a4dad0c1,2
2063,2b160a1291,3
2064,8ca104baef,4
2065,b94a5b0bda,0
2066,b690abdc09,1
2067,1b5c4051d4,2
2068,875dda3975,3
2069,9db11d4414,4
2070,2787bfe603,0
2071,6f5c2712b1,1
2072,668b41c03e,2
2073,ea1a6e1b33,3
2074,f78361aa48,4
2075,13adf02399,0
2076,444dcc147b,1
2077,ee7ff3b2fe,2
2078,40b45f1871,3
2079,6940237693,4
2080,77ecd76754,0
2081,44efef9c4f,1
2082,df47f2e681,2
2083,e639615636,3
2084,38ed2aa7cb,4
2085,2a49169951,0
2086,f507d4f122,1
2087,b67c735ff6,2
2088,fff2abcaf9,3
2089,6a3d92ce59,4
2090,9678fb935e,0
2091,dc710565e6,1
2092,c66a8f70e4,2
2093,84e540208f,3
2094,7ba58ee1be,4
2095,83558aa4b8,0
2096,9a4b15919d,1
2097,ceca04aa2a,2
2098,6a1fe1a81e,3
2099,7ec64d2b8e,4
2100,bfac8e63cb,0
2101,47398efeb4,1
2102,7a696bb878,2
2103,bc79fe1a3a,3
2104,e5df7166bc,4
2105,5c8ce5869b,0
2106,e9d39cddd7,1
2107,02d40993ab,2
2108,114397189f,3
2109,5c65a9775b,4
2110,77608c7770,0
2111,022b1b01be,1
2112,de39c2b892,2
2113,24d67576d0,3
2114,19902af6bd,4
2115,376e55e566,0
2116,6cf284fb9e,1
2117,a783bd82c5,2
2118,7972b70832,3
2119,a5c4007b7b,4
2120,50251a9572,0
2121,1d7a812c76,1
2122,2eae73b03a,2
2123,ef6229f0db,3
2124,68d9f77646,4
2125,f76c6bc5d0,0
2126,5489a9e706,1
2127,4d7b42314d,2
2128,ea54256d21,3
2129,397f00cf61,4
2130,17dde2138e,0
2131,95af8ca744,1
2132,6252a820da,2
2133,1770691c51,3
2134,dc4a1c9a30,4
2135,624bd59549,0
2136,ba2a5fbf4c,1
2137,b6bbd06618,2
2138,7488e076ca,3
2139,1414606ab4,4
2140,65eca0ad70,0
2141,90a57bacf0,1
2142,fc13dabcbb,2
2143,ec10996820,3
2144,ddcb457a07,4
2145,d6471dc0a3,0
2146,340c808130,1
2147,7e92ab6fe8,2
2148,ed24549a3f,3
2149,8f5af7f42a,4
2150,008a50a2ec,0
2151,c4911615e1,1
2152,63bed65d65,2
2153,e39ded223d,3
2154,619edf8941,4
2155,2bca4fe522,0
2156,623565cb2c,1
2157,0faaf196b4,2
2158,9522339a9a,3
2159,486ae46ba0,4
2160,3a3e1e824d,0
2161,481ed855f2,1
2162,c82dabf9b1,2
2163,17113fd0bd,3
2164,5e58ed4adb,4
2165,1621c14879,0
2166,8457263314,1
2167,b8a9602e21,2
2168,23e5717c0f,3
2169,4015200239,4
2170,4d03329aa4,0
2171,57293a65d5,1
2172,97a10a3ba0,2
2173,67dfa4bcf5,3
2174,820c4570b1,4
2175,e8d6412ed8,0
2176,0bed5f2ace,1
2177,2da763222e,2
2178,8ae916bb5c,3
2179,e96a030ded,4
2180,6272ae54bc,0
2181,e1009fa370,1
2182,08f3346b8a,2
2183,eec3f628d6,3
2184,ed7251fc01,4
2185,1ac4fd8022,0
2186,8e280f2c87,1
2187,4f6328bf93,2
2188,8f08f4e9f2,3
2189,4b9862566c,4
2190,f0228a88de,0
2191,131ca4b83d,1
2192,58789490d6,2
2193,9128b824e5,3
2194,97bd8b22b1,4
2195,87afd4b1ca,0
2196,90990cd2ba,1
2197,d80ead8703,2
2198,b852505678,3
2199,7c0447f939,4
2200,a239bfe21a,0
2201,4b15912a41,1
2202,8555cb627a,2
2203,1f33387a8e,3
2204,9d23bc70b8,4
2205,228f9cee2e,0
2206,7f9f13c0d0,1
2207,6306dd3a8e,2
2208,05d9351a35,3
2209,5a81181e41,4
2210,7576a8a091,0
2211,7277ef5fef,1
2212,befdfcbe5b,2
2213,a6a3383416,3
2214,fa50e86a72,4
2215,c920246511,0
2216,d18a64f984,1
2217,211dca3b80,2
2218,ec212b3d2d,3
2219,5fabfdc0b6,4
2220,09541ce79b,0
2221,09ee5831f4,1
2222,25f532d7cc,2
2223,c313a1ad7d,3
2224,d4e9588d7c,4
2225,ea2fe8434f,0
2226,44047c3e10,1
2227,6636021b35,2
2228,93a8901635,3
2229,f19b7d20bb,4
2230,d916ac7864,0
2231,97e78a5448,1
2232,c6612326fa,2
2233,2775c5f447,3
2234,6a6ebb2255,4
2235,eff595dbcc,0
2236,b4e23ae450,1
2237,6419fd454b,2
2238,3c3e74faf6,3
2239,56a4e5c1e5,4
2240,903206854b,0
2241,869f99406d,1
2242,084d3ed9c8,2
2243,90bf0125af,3
2244,387b6956c4,4
2245,7a6d32bcae,0
2246,6c8ad32f36,1
2247,51acfd1399,2
2248,3f9df26c0c,3
2249,26281da345,4
2250,9895f188e8,0
2251,680ce5b666,1
2252,935cba59ad,2
2253,b5a47c646f,3
2254,ff8bf1417c,4
2255,9a71e8563b,0
2256,9f459445b6,1
2257,0b73b427d1,2
2258,bd4f797d33,3
2259,164873b51f,4
2260,fff6522bd1,0
2261,bfcd0fb5ac,1
2262,2f8e4f82fd,2
2263,f6576d4cbe,3
2264,af6fe9a9c8,4
2265,b70f0ab0c2,0
2266,9347c39706,1
2267,30cc3d3982,2
2268,a163126d96,3
2269,9ba564058f,4
2270,fe85864f8f,0
2271,c673bebe29,1
2272,56974f6864,2
2273,c59e5f46c0,3
2274,c307912941,4
2275,fdd73141d6,0
2276,7ec58d0743,1
2277,6baf05d61e,2
2278,99d7f0c538,3
2279,64f41e36f2,4
2280,1ca865b041,0
2281,cbbf379ef8,1
2282,056bfa0cc8,2
2283,30cb1002fb,3
2284,27f923aac9,4
2285,65e2650a80,0
2286,16a9609841,1
2287,0923f7bef9,2
2288,b6bd6424eb,3
2289,e6e3e58c43,4
2290,b0a2fe2a63,0
2291,2993a272be,1
2292,83645a3b6f,2
2293,7769e240f0,3
2294,5d7424eab2,4
2295,4e89a919ed,0
2296,3b5e9c6e05,1
2297,c7c3a8a806,2
2298,bcbe3c0ee2,3
2299,2d3c0a68f9,4
2300,91c003779c,0
2301,8cbefc189e,1
2302,ca393f0eaf,2
2303,81ab8c6bb7,3
2304,55111519ec,4
2305,18f3626b0f,0
2306,6cafc8475b,1
2307,223e0c3942,2
2308,cadfbf8011,3
2309,7140b36ff6,4
2310,57f8b13094,0
2311,5b3b86341f,1
2312,9fff0319cd,2
2313,d531fa41aa,3
2314,8f07ef8585,4
2315,3a690dbd1b,0
2316,2fa4260cde,1
2317,78c50b3977,2
2318,7aa7e1b355,3
2319,891fa63295,4
2320,7d41b0a6e1,0
2321,ab7d09443f,1
2322,aede306d15,2
2323,a3079aded1,3
2324,3598c246d7,4
2325,88839f49f9,0
2326,c56524ded9,1
2327,9718102ef6,2
2328,1b71d67404,3
2329,b28aeb78e0,4
2330,52e7de7430,0
2331,e1bd09e50b,1
2332,1d2382ac3f,2
2333,ad76d4cd21,3
2334,a27e64c2f7,4
2335,911efbb175,0
2336,8686b3a5d4,1
2337,4e41f7a5df,2
2338,0c376f6728,3
2339,b07fc3b87c,4
2340,ebcd41b5f1,0
2341,eeecc7ab39,1
2342,e2dd6ebd6b,2
2343,f2e9faa785,3
2344,b095375d19,4
2345,5b217529e7,0
2346,774ee8afcf,1
2347,958a3dd464,2
2348,0b7b00ebfd,3
2349,26ae98fddb,4
2350,5a6fa22207,0
2351,c8adc706f5,1
2352,740d34befe,2
2353,98f91cd1b8,3
2354,e337021e6a,4
2355,24bf79cd1e,0
2356,dd580d1681,1
2357,e199174d64,2
2358,56d025f76c,3
2359,500d909b87,4
2360,feadf0e85d,0
2361,2356ec6570,1
2362,ea1332b03d,2
2363,c1f92fd149,3
2364,8dc946b34d,4
2365,72ef4718f3,0
2366,b833fdb882,1
2367,94551e800f,2
2368,45a7562dbf,3
2369,060f14fcee,4
2370,b6804bfa43,0
2371,9382a047a8,1
2372,9fabca6b17,2
2373,5970137a1e,3
2374,d553c91194,4
2375,8b0d0b0633,0
2376,ae6ea6e613,1
2377,8c38199b15,2
2378,48d34846d7,3
2379,3b2f902ec6,4
2380,c2395da60e,0
2381,66c603a013,1
2382,c50ba562ef,2
2383,6ecba60505,3
2384,f7ff576dc4,4
2385,a12d2c10a9,0
2386,8164beeaf5,1
2387,a701844e9a,2
2388,5c616dea00,3
2389,5378360450,4
2390,65e01bd65f,0
2391,d8bed49320,1
2392,465463b009,2
2393,9260b4f758,3
2394,87c6bf0012,4
2395,aa1cd9fb71,0
2396,70a32506ab,1
2397,230b98e713,2
2398,33ba7dd9a1,3
2399,9bc9c403e0,4
2400,6ef46555e2,0
2401,44381a3f55,1
2402,fad11bf2fa,2
2403,7b2032d7d1,3
2404,f122ead5f2,4
2405,ef58213c9b,0
2406,ed66549524,1
2407,69098163e1,2
2408,c4ee594685,3
2409,7a095f0b21,4
2410,e88b8de75c,0
2411,ba1ae7a6c7,1
2412,b1ac5ed0b3,2
2413,ff238df1c4,3
2414,a1dae195e7,4
2415,f566a7cbc6,0
2416,d2b40a2781,1
2417,71f724c7ef,2
2418,a92f49d2d9,3
2419,578aefa47e,4
2420,921b60e76d,0
2421,b521c9ddf3,1
2422,7d8e29261b,2
2423,5717740aa6,3
2424,8612ca9286,4
2425,60a0ca8d0e,0
2426,0a41de5e3b,1
2427,4ff5c5ef47,2
2428,3862950849,3
2429,fe0ff502fb,4
2430,75d0e44b1c,0
2431,2b405e7016,1
2432,5ad7172ca7,2
2433,178bd2185d,3
2434,33820f50d8,4
2435,182bfc6862,0
2436,060cdfded5,1
2437,180d2ec2cc,2
2438,9dc604318f,3
2439,c1431cfade,4
2440,a0729c7a02,0
2441,e358121d19,1
2442,ba4781de48,2
2443,c26d515fdb,3
2444,a7fa6dd049,4
2445,30307d5103,0
2446,25f2e30c66,1
2447,505483d249,2
2448,82a285227e,3
2449,4a11c0f4ad,4
2450,c98504a8ab,0
2451,af296d1c0a,1
2452,812c804456,2
2453,d6987190ea,3
2454,d2e14828d5,4
2455,b39fe87a25,0
2456,bf76c8aff3,1
2457,824152cf1c,2
2458,4b17d5fb8f,3
2459,20349d0a12,4
2460,740070f15a,0
2461,c80f09bee6,1
2462,baac3469ae,2
2463,7b815ae7fb,3
2464,d944700bae,4
2465,9090f8f97b,0
2466,fbfa863bd4,1
2467,9b5bed5c6f,2
2468,930cbb8ccb,3
2469,7f0e67d5ec,4
2470,22398d77b8,0
2471,ebe8198105,1
2472,4fdc882e4b,2
2473,857e511397,3
2474,a685e6f87e,4
2475,d3c9529867,0
2476,6e691f1825,1
2477,808cbefd71,2
2478,e366f9d62b,3
2479,eb91416afe,4
2480,0061281eea,0
2481,bebae78c6a,1
2482,f409d55fee,2
2483,877d1a7ebe,3
2484,c0fe58323e,4
2485,399694c381,0
2486,b4e61836df,1
2487,8a55cca47a,2
2488,0fcbd0567b,3
2489,eead2fc101,4
2490,9694a662dc,0
2491,be4db8ff8a,1
2492,25c415e373,2
2493,b15313d4e8,3
2494,31b003483c,4
2495,40a7f422e2,0
2496,ebdef67fa5,1
2497,9ecc1f5457,2
2498,1bebafb9f3,3
2499,3a5e5f4202,4
2500,7135ca553a,0
2501,269b6cad0d,1
2502,24a38972a3,2
2503,90b1a59d1b,3
2504,5f8370ed60,4
2505,c33e3a20a4,0
2506,919157e393,1
2507,641ef8ba11,2
2508,4864559ba5,3
2509,6cf6889e33,4
2510,5cefe5b52c,0
2511,c8bd99cbb0,1
2512,07cbc65347,2
2513,33dfce3a76,3
2514,a7254b3aa6,4
2515,7e5cdca0b7,0
2516,4630209118,1
2517,881407fa84,2
2518,a5005ea567,3
2519,280dcd0b2d,4
2520,9e8e175c01,0
2521,ff9d2e9ba7,1
2522,9ca520f895,2
2523,2f4fb95bb7,3
2524,b7dc0d87fd,4
2525,0e16439e05,0
2526,29162a3471,1
2527,f454efbd20,2
2528,7e68df3981,3
2529,9f0c9f3b90,4
2530,23c72b10cb,0
2531,1804b11f9a,1
2532,53b480e29f,2
2533,f599fad413,3
2534,8824cdcbf0,4
2535,d465b396f2,0
2536,b7c462dd1c,1
2537,a6625b8937,2
2538,ca82310ee1,3
2539,f463f6b15b,4
2540,c5493cc7b0,0
2541,f8ca1f5c5a,1
2542,27f6632fd1,2
2543,f362d474b7,3
2544,753371cca5,4
2545,103713e20d,0
2546,186d861771,1
2547,fadd701a33,2
2548,631dacfc0f,3
2549,7f5914b74a,4
2550,20b11dcfb8,0
2551,9eaf536a63,1
2552,58edb9b58c,2
2553,e3e92cc747,3
2554,7db7a5fb8f,4
2555,03c9b5ffe8,0
2556,ec5afeae66,1
2557,1c78d88cb8,2
2558,87cf2c6542,3
2559,1a0996a817,4
2560,bf294b9661,0
2561,9b09626522,1
2562,829ebfbb32,2
2563,3b9586e2ff,3
2564,24cb80b5da,4
2565,7fa6578978,0
2566,6a1fd3c67e,1
2567,ed761ad8ef,2
2568,2a26fb616b,3
2569,6da04e4c20,4
2570,f5e72111d0,0
2571,c61e0f2507,1
2572,8978bc57b7,2
2573,0e53e6294a,3
2574,2eca5f70b1,4
2575,b981d35c43,0
2576,8fd4178b11,1
2577,5f1df5e4a8,2
2578,85bca2aade,3
2579,38438eab6c,4
2580,d8f80479ac,0
2581,8e7324c8ed,1
2582,dc7c506beb,2
2583,89340d64ab,3
2584,c70619fb09,4
2585,8945b8916d,0
2586,93b51f6335,1
2587,725a0ae373,2
2588,86365721e2,3
2589,27c4850501,4
2590,ce3e6bba2e,0
2591,66cd32da94,1
2592,3c10a71f62,2
2593,28e3c1128c,3
2594,54a3636ba6,4
2595,8d70a676cd,0
2596,c1ed7e8344,1
2597,b9fb7882a0,2
2598,4ed2467e7c,3
2599,0b9cb1205a,4
2600,25fb3a895a,0
2601,10a1a5b78f,1
2602,edd5fc6648,2
2603,263bd9dfd6,3
2604,35f3cb48d6,4
2605,5691530ff4,0
2606,d56050d3ab,1
2607,91823ecb1f,2
2608,b6520147bb,3
2609,d274664a41,4
2610,d69c382be5,0
2611,2ecb2b0797,1
2612,834861f1b6,2
2613,ef060b82b1,3
2614,c82f7676ac,4
2615,c356f76804,0
2616,489a8fd021,1
2617,70d9a282d1,2
2618,9ca1ebe351,3
2619,387aa87ae2,4
2620,878566ab56,0
2621,b40844d201,1
2622,ec857f4518,2
2623,fe37eddf8e,3
2624,78be8270bb,4
2625,dc0119712d,0
2626,3358462c1b,1
2627,1435d5602c,2
2628,0ea5ea6946,3
2629,e843caea8f,4
2630,858f01d368,0
2631,b0e479668d,1
2632,5dfa4cfa2d,2
2633,020678ec1b,3
2634,d059fcb2fd,4
2635,7f2694ca3f,0
2636,2f746f8726,1
2637,eeca9d6a63,2
2638,c1503fb0ec,3
2639,016fc8031c,4
2640,8e93b66386,0
2641,10aa115164,1
2642,9f7e064e9f,2
2643,f42a7e65f2,3
2644,04cd9599a3,4
2645,0461a2fb30,0
2646,3734601c15,1
2647,1463aee5b3,2
2648,c29c36a1e8,3
2649,40bb5a9cbe,4
2650,d68c08baec,0
2651,45a2a01008,1
2652,5f98029612,2
2653,6c25735f24,3
2654,30e4d22141,4
2655,19cc342b91,0
2656,18c4cdefec,1
2657,5d600057f5,2
2658,d9044ee3c6,3
2659,565d2342f2,4
2660,7b5d5d40fe,0
2661,3c1097c378,1
2662,63532a858b,2
2663,b4b225aaa8,3
2664,1b6919f87c,4
2665,ccdd1c542f,0
2666,6150f39f8d,1
2667,766784f810,2
2668,1c41821d13,3
2669,dfa4d727b8,4
2670,4d341171a4,0
2671,3975043a11,1
2672,fa9da6a455,2
2673,ba705c8398,3
2674,aa21ba676c,4
2675,488f5f133e,0
2676,66eeb09788,1
2677,6f79e6d54b,2
2678,4ce60abe5f,3
2679,bdb9ba462f,4
2680,aae8971d6e,0
2681,7114209cf0,1
2682,3c2ea1a63f,2
2683,0f7aa746d6,3
2684,8c8c2012e7,4
2685,04f7a73f2b,0
2686,fdc1ac926a,1
2687,5ffd928d1e,2
2688,a826e5e6e5,3
2689,b9fd9429e3,4
2690,dea0a56bab,0
2691,8c99d8c85f,1
2692,182ea1798b,2
2693,51be9fc3d5,3
2694,fbcd92f03f,4
2695,7e138bf911,0
2696,20c99dee06,1
2697,9f96821d81,2
2698,9a4864ff06,3
2699,9daa6c133f,4
2700,1313dbf1d7,0
2701,10e835f9ab,1
2702,cc876896b5,2
2703,8e3228d793,3
2704,53c79255ba,4
2705,a7bc02b7d4,0
2706,bc3156b1e4,1
2707,68b6abcefc,2
2708,c9f7f4020f,3
2709,9e966d733c,4
2710,569f85c4ce,0
2711,1037da2ff7,1
2712,7c9c01ebe8,2
2713,a2b7af2907,3
2714,3525fcea1e,4
2715,38c0d9ca8e,0
2716,4ad2ddacfc,1
2717,085e7a048e,2
2718,ae6b6df24d,3
2719,6457057cec,4
2720,6c793e5879,0
2721,91bfe61493,1
2722,a33ef5ed68,2
2723,b33e244157,3
2724,90b14e3f04,4
2725,287b0f197f,0
2726,6dfaae4996,1
2727,e7e9165d9b,2
2728,c576ef893a,3
2729,457f80b1c5,4
2730,176ad39bc7,0
2731,8b0478ed02,1
2732,380ff30e30,2
2733,d9457c3b1c,3
2734,8d9b8d724a,4
2735,46b424e067,0
2736,d0aeb260e8,1
2737,fb9b58527c,2
2738,8d9314a9f4,3
2739,6af48dfcdd,4
2740,6e86fed535,0
2741,06d21d76c4,1
2742,75b4a808b3,2
2743,a5eedd418a,3
2744,e082398595,4
2745,a15eff2958,0
2746,7de09d894b,1
2747,a54d582262,2
2748,aa56279e8f,3
2749,06d3201dd0,4
2750,42c563d895,0
2751,df3a1c2d7b,1
2752,2fa889172a,2
2753,359128303c,3
2754,4a39459597,4
2755,1a1b0c1549,0
2756,d2b77b255b,1
2757,67bc6ac1f4,2
2758,e0dade9896,3
2759,ad6fe18943,4
2760,26527458de,0
2761,aff87f7ba7,1
2762,4654389112,2
2763,bbf8c7968a,3
2764,528cb6678c,4
2765,fea1ff8505,0
2766,c4a681819d,1
2767,9ff59d834b,2
2768,6738d474a3,3
2769,b33b1f9db6,4
2770,66b4280f4e,0
2771,51870e8500,1
2772,7074e402ca,2
2773,1a8c4fd6ea,3
2774,68d00224e0,4
2775,7beceb5850,0
2776,681ee85a7b,1
2777,7738fbabca,2
2778,33041df256,3
2779,0ec68b2e42,4
2780,857f570585,0
2781,70c7bb7616,1
2782,c79d52ffc3,2
2783,5ecf1f5cb4,3
2784,70e5bd9d27,4
2785,8ee20f502e,0
2786,fd5c3c20d6,1
2787,e69330b40a,2
2788,deec7bb4d9,3
2789,fc87224914,4
2790,e37b8208fa,0
2791,a56ff4758a,1
2792,e929ca0e34,2
2793,b052410a6a,3
2794,f57e741b5b,4
2795,dfd3138198,0
2796,6d593a19d1,1
2797,94c94ee7b6,2
2798,d7215eb198,3
2799,a48b9989ac,4
2800,809ce44053,0
2801,885c2a90f5,1
2802,17be1887b9,2
2803,b63b23fdc9,3
2804,154948ae6d,4
2805,64baad8029,0
2806,d3c3988e54,1
2807,ade746d346,2
2808,c5a9c13a77,3
2809,3fc4d6b6ed,4
2810,b33771a471,0
2811,7c61d788af,1
2812,180f0a1854,2
2813,e63196d890,3
2814,bfbb9b9149,4
2815,1821c518da,0
2816,8c4ac14f53,1
2817,be1f425eac,2
2818,7e78a47cee,3
2819,b5448cb40a,4
2820,1c3397d0ef,0
2821,d61250af0c,1
2822,296a04bc06,2
2823,12c92c9f70,3
2824,190ea39ec4,4
2825,d390b1cbef,0
2826,ed2b73840d,1
2827,9737133eff,2
2828,f0e7e06354,3
2829,0389fc6012,4
2830,f083e6692d,0
2831,4433b159db,1
2832,27efc3195e,2
2833,5559e0ceab,3
2834,df32c11fe8,4
2835,4079c73376,0
2836,136af05158,1
2837,258a5db63e,2
2838,b11110b854,3
2839,f6a89b6f89,4
2840,d12d5894b8,0
2841,86c675c4fb,1
2842,27e12cbcea,2
2843,c45c9617bf,3
2844,0aea45ba8f,4
2845,e1280ddc3c,0
2846,e1c6994595,1
2847,02adf272e9,2
2848,407bd44d31,3
2849,365bdf0ae1,4
2850,17a8b7e7f3,0
2851,769d51b80b,1
2852,cc15d94784,2
2853,dc05ed2596,3
2854,2b55bdbda1,4
2855,bf00a0ab71,0
2856,8b4189c2a4,1
2857,a89fc2586a,2
2858,c70153909b,3
2859,c02071548b,4
2860,7df36788a9,0
2861,8c1db0fc39,1
2862,8409fed45c,2
2863,9c08332067,3
2864,809cb34e8d,4
2865,65ef110246,0
2866,30e5cfec08,1
2867,a07f9159e0,2
2868,82f186d2ac,3
2869,548887f17d,4
2870,89ba98210c,0
2871,3ce41108fe,1
2872,e80ac14b0f,2
2873,2a9190ed84,3
2874,12a953a079,4
2875,fdabdc4399,0
2876,28df927e87,1
2877,0f20f0242c,2
2878,28f6f52c8f,3
2879,a8bfe7072c,4
2880,1fba03699e,0
2881,b911d46acb,1
2882,d0244d6c38,2
2883,2d4e7a937b,3
2884,571e63d0bc,4
2885,bf05a52a6b,0
2886,5aee63c515,1
2887,981f73e811,2
2888,851a37ac37,3
2889,418a13df5c,4
2890,4e7d4502bc,0
2891,ffb2ad3f94,1
2892,9704b1ba61,2
2893,84eb2c400b,3
2894,4d684d99cc,4
2895,775bc235d0,0
2896,c66a9ea31d,1
2897,6460ce2df7,2
2898,4618b50b42,3
2899,cd292b7c8d,4
2900,2da9564e53,0
2901,66891ec970,1
2902,c824b8afaa,2
2903,565f9c3fce,3
2904,5701bbfe46,4
2905,c39f317ad0,0
2906,9bf022776e,1
2907,7cbfebdf9d,2
2908,17bb0d4b3e,3
2909,b6c52b4a53,4
2910,fee35c9fa9,0
2911,9917602913,1
2912,213e0a9f7b,2
2913,ede9c03a6f,3
2914,51ede1c702,4
2915,0977568b54,0
2916,e683e8ae69,1
2917,28d42de29f,2
2918,143eefe05a,3
2919,4fbda008c7,4
2920,6c6c1cbae9,0
2921,3d781526c2,1
2922,71507ccc96,2
2923,eb5e2a6b3a,3
2924,3fc79d2ece,4
2925,1d9f4e875a,0
2926,a59385755d,1
2927,3d4bc58424,2
2928,be9ce6a9d7,3
2929,7a817b12b4,4
2930,c7ab9848b9,0
2931,c023a62b96,1
2932,61df7e1f4d,2
2933,4a8d55bdf5,3
2934,363a171d90,4
2935,61321814ce,0
2936,02206b234e,1
2937,54629440c9,2
2938,d17eee846e,3
2939,590f7ae6e7,4
2940,85e6b4cb1c,0
2941,81fa3d59b8,1
2942,08993551ae,2
2943,27b5526adb,3
2944,69cddf572c,4
2945,e5c26c8634,0
2946,740e4ce45d,1
2947,bb2160921c,2
2948,ddd3099877,3
2949,61cfb43abf,4
2950,1c9fa3dff4,0
2951,da84ed2423,1
2952,45f292bb41,2
2953,573f9f58c4,3
2954,285f4b2e82,4
2955,d606f4a578,0
2956,f4638e7428,1
2957,edfe5ae3ef,2
2958,77415e7cda,3
2959,e6ac2a35cd,4
2960,087192e2ec,0
2961,aff8ae9d4d,1
2962,1ebc029ba0,2
2963,ebf89446f2,3
2964,ac6289352d,4
2965,ff9b7d0d2e,0
2966,f7dc2b2c9a,1
2967,19d821e8e4,2
2968,cb2c20898a,3
2969,fcdf2756aa,4
2970,1c20fc4477,0
2971,1b073494ab,1
2972,a3bea8f266,2
2973,6a105e7555,3
2974,3dae882971,4
2975,f5a92d1356,0
2976,2ffe02e882,1
2977,0762a99eb4,2
2978,e37a3da5b2,3
2979,a98d950667,4
2980,d468d401ab,0
2981,ef03d3e2fa,1
2982,efc705478f,2
2983,7ce6463bc8,3
2984,4e47ff086f,4
2985,e2063ce131,0
2986,27c45fef01,1
2987,a291ef5d83,2
2988,36b768bfa7,3
2989,bec8f132d0,4
2990,bf71bff284,0
2991,a141ed0c99,1
2992,37c95ff7df,2
2993,86a772adb1,3
2994,a7000441e9,4
2995,fb1e8578cf,0
2996,7361f4e5bc,1
2997,6b0688f33f,2
2998,df8d9625c0,3
2999,4f62a5bb14,4
3000,7a0f1e9b45,0
3001,c72c5ee731,1
3002,d369e6b550,2
3003,6397715bb4,3
3004,9f54d7807c,4
3005,a038a2d781,0
3006,aabb4516d1,1
3007,8d3ee9356b,2
3008,dccf379405,3
3009,225ae42209,4
3010,3782748f51,0
3011,77420e5628,1
3012,8bf499cb0c,2
3013,761eaf3fa4,3
3014,f3fd020f27,4
3015,aa97ecda8e,0
3016,ab5fe4fea8,1
3017,87af5ec058,2
3018,fb14beb69f,3
3019,32afbf53f6,4
3020,852873eb7b,0
3021,bb1e7f303f,1
3022,628ab35fe8,2
3023,1befe1ba44,3
3024,84b5568c2a,4
3025,ebd623bfc6,0
3026,26a76b910c,1
3027,0c089f7c1b,2
3028,f9629f4e29,3
3029,52ae147d60,4
3030,dc4bf302e8,0
3031,8d4ba8fd28,1
3032,003c477d7c,2
3033,7019c22c5e,3
3034,e89272a29b,4
3035,881bfee759,0
3036,b8c3ca0fab,1
3037,01c033e116,2
3038,fbf73cb975,3
3039,902d01b7dd,4
3040,cdf9422054,0
3041,f1e4acdd7b,1
3042,7a25e51377,2
3043,d70a2f1f23,3
3044,e278cee272,4
3045,3794cd4d73,0
3046,d8b1bbbfdf,1
3047,edc9fb3512,2
3048,a35792b156,3
3049,24c102ca1f,4
3050,675fcfe29a,0
3051,eac3fb300e,1
3052,18fc51d517,2
3053,cb2acfd639,3
3054,74d53a0d53,4
3055,16cebad726,0
3056,e3e1afe993,1
3057,5f43816c42,2
3058,cfdc385955,3
3059,32f1039c61,4
3060,14da113475,0
3061,14c16f99d5,1
3062,abed119094,2
3063,5fe599e1a5,3
3064,1ac058f0a4,4
3065,b8236d92ff,0
3066,7053b28de2,1
3067,90c62cd13b,2
3068,43ec939286,3
3069,16017c8e02,4
3070,8d28e714e3,0
3071,1268fbf8c2,1
3072,ad49962b22,2
3073,0401ae15d3,3
3074,ec649a86b2,4
3075,5203d6e046,0
3076,df811b26b6,1
3077,217eeca27e,2
3078,56d6d999b8,3
3079,e39f959114,4
3080,c89eda8701,0
3081,8138c79081,1
3082,5990041346,2
3083,5e85356a28,3
3084,9067effd34,4
3085,e41a05735d,0
3086,6a7506aa1e,1
3087,51d1696054,2
3088,1bd1c8c771,3
3089,a245c6d001,4
3090,5f51a19f9e,0
3091,a531b78648,1
3092,7fd5baaee8,2
3093,69bb149e2d,3
3094,7572c78534,4
3095,4ebed82264,0
3096,8c9b19f267,1
3097,abd889c82f,2
3098,44c8aed146,3
3099,bf73cacab5,4
3100,96216dae3b,0
3101,77c071c12d,1
3102,59597a8431,2
3103,4fd99d2b52,3
3104,14a89a1840,4
3105,2874150952,0
3106,4d4adc5623,1
3107,ec542d0719,2
3108,1931feb9b8,3
3109,1925c11fce,4
3110,87986259f0,0
3111,e54c815e85,1
3112,fa2ebd1083,2
3113,7187f4c02c,3
3114,ee5c6d6639,4
3115,942d3bfbf3,0
3116,23bbdfd154,1
3117,0ad38c8f25,2
3118,930dcd571a,3
3119,ff89e5e3cd,4
3120,7f2642a14a,0
3121,01323211a0,1
3122,f5c25276d2,2
3123,c137712b61,3
3124,6074c5b0bf,4
3125,55e9012561,0
3126,5c51c23a7b,1
3127,9d7165c9c0,2
3128,35b34a9da1,3
3129,6285015437,4
3130,91bb8b5dbb,0
3131,3662fffe30,1
3132,6ee755c67d,2
3133,b5893fc541,3
3134,62715133c5,4
3135,5e98f349f3,0
3136,5e09ef27a6,1
3137,85670a7093,2
3138,f30c36bf6b,3
3139,67a8e23baa,4
3140,fb903c3b68,0
3141,b85046c5c1,1
3142,994af8ec2a,2
3143,ff532274cd,3
3144,a8d50a4a97,4
3145,3685aa0e78,0
3146,a14d2ea3b1,1
3147,a2bce9d94a,2
3148,6ac91c75fc,3
3149,69ee613976,4
3150,d67dd7da95,0
3151,fa56377e58,1
3152,519cc2a871,2
3153,dc534f1e28,3
3154,a9ab1afe01,4
3155,45f31c81d4,0
3156,5fd8ed2395,1
3157,fccf774196,2
3158,59b1bac5d5,3
3159,55a49950a0,4
3160,4eccb0cb9d,0
3161,09e29fbb74,1
3162,ad93d35798,2
3163,fb17f161d1,3
3164,f2f67e14a6,4
3165,126f253739,0
3166,31aaa04c63,1
3167,0a18b314fc,2
3168,1c6237ae58,3
3169,d21e3d7843,4
3170,492383a53b,0
3171,739a9ab34a,1
3172,1fec8e839a,2
3173,01b5362cce,3
3174,7547289453,4
3175,aba57f0f2c,0
3176,20a0f53112,1
3177,25e4b6fd77,2
3178,ea1270a8b2,3
3179,276807c93b,4
3180,d3034e7a60,0
3181,2388b3eb40,1
3182,bbb762835a,2
3183,77c695369e,3
3184,93b8ec180f,4
3185,7145f7e956,0
3186,d71e91efc0,1
3187,2f00b33427,2
3188,9cb42834b3,3
3189,eb3a40225e,4
3190,92d116836e,0
3191,cc70a60681,1
3192,b1be1fa682,2
3193,b92b11b3a4,3
3194,6994342067,4
3195,aa791ce59a,0
3196,6138f82415,1
3197,b890b261a0,2
3198,de091953f9,3
3199,1a67b08604,4
3200,fcce81906d,0
3201,762c7d7084,1
3202,b202b6b3d4,2
3203,5f1aa014c5,3
3204,418b7878a8,4
3205,08c2070b20,0
3206,423ae1a09c,1
3207,8718d851c6,2
3208,174b478747,3
3209,253eb71c3d,4
3210,b06fe13f54,0
3211,ed46821aa5,1
3212,5306b708be,2
3213,b7c1e2a377,3
3214,a98ab1c549,4
3215,2a5805ad13,0
3216,821e0217f0,1
3217,ebdbbb52b5,2
3218,7709ec3c5d,3
3219,57904adf94,4
3220,cced2adf43,0
3221,b7ec14f5e4,1
3222,30badffdd5,2
3223,6ed0ef14db,3
3224,849f39dcbe,4
3225,9ca11c3696,0
3226,a58d3b12bc,1
3227,31683f8a18,2
3228,88a5c49514,3
3229,05a61e5799,4
3230,93c7358e41,0
3231,2e7921981a,1
3232,ef13247eed,2
3233,10833853b3,3
3234,48bb098115,4
3235,1f1cc6b3a4,0
3236,c82ae5f941,1
3237,5a7a933a05,2
3238,974f5b6876,3
3239,4ee4b3485e,4
3240,498d327724,0
3241,5155ad847f,1
3242,5e350fa662,2
3243,0dcf4a11a6,3
3244,b9bb1b7b3f,4
3245,e8b730fe92,0
3246,08bafa2eee,1
3247,1664b6a6d5,2
3248,30bb4cd749,3
3249,9126bbe228,4
3250,ec61b48efb,0
3251,2f8b36c386,1
3252,0841984941,2
3253,d145884178,3
3254,8a2dc90df5,4
3255,325cde4fa9,0
3256,9f4001d8ea,1
3257,a826a7a9a4,2
3258,4bb8260218,3
3259,444c32935c,4
3260,9c4468a160,0
3261,5ec4b8eff9,1
3262,eb38db5443,2
3263,1b9865501f,3
3264,6010b9b84d,4
3265,31a4341eb6,0
3266,6c0a545d06,1
3267,6576184a08,2
3268,518ee8cf52,3
3269,6682af0131,4
3270,ec9ba7900d,0
3271,13f3daf89f,1
3272,a3ad1422f5,2
3273,36f332bd11,3
3274,a4fb7072d6,4
3275,68bad6a787,0
3276,c32752c00f,1
3277,c0b6fafc47,2
3278,4285c2ffe8,3
3279,608567ed23,4
3280,41e2137184,0
3281,1a7f8bd454,1
3282,bbb5279a06,2
3283,25db231ea0,3
3284,b28690f7ad,4
3285,3bf70b71cd,0
3286,7f0ee9c30a,1
3287,2821f70a5a,2
3288,e7f0e30585,3
3289,690281a93d,4
3290,99ee31b5bc,0
3291,884400b2e8,1
3292,9b585a2ea0,2
3293,a7a87180a3,3
3294,54cb8bdbe2,4
3295,cb7cd324a5,0
3296,3df62de11d,1
3297,71f7425387,2
3298,e0c136dc8e,3
3299,ebc46e6691,4
3300,6eeeda7f4a,0
3301,db819c45e5,1
3302,ac460261f4,2
3303,fa752c35ca,3
3304,109bccf6c6,4
3305,9bf8a38b92,0
3306,9c3383eb85,1
3307,f2d668f7e7,2
3308,cbd42ee63f,3
3309,f2fcceee25,4
3310,0ab5e14937,0
3311,4d2ede6b7a,1
3312,853e89d0d3,2
3313,54e2419450,3
3314,341f6694f1,4
3315,11518835a4,0
3316,5423d6049c,1
3317,e7c55756c7,2
3318,33159fbb9b,3
3319,9f97b2925e,4
3320,d1857e0577,0
3321,cb68c2431a,1
3322,a66c03c236,2
3323,cbad345488,3
3324,fd257af5d2,4
3325,8ad8b9b163,0
3326,c74ef130f0,1
3327,7616ee06bd,2
3328,b2fbaf80d5,3
3329,9befc65890,4
3330,d06f237a79,0
3331,cfb8e5c36e,1
3332,c23090da64,2
3333,8f16b2685d,3
3334,90720e8172,4
3335,e3349e2125,0
3336,d90473fc86,1
3337,23cdfc53fe,2
3338,098c5f3e75,3
3339,82c316179b,4
3340,f6009f764c,0
3341,e51e614146,1
3342,390355fd73,2
3343,2bc179b78c,3
3344,fd423b9cbf,4
3345,66ced55b7d,0
3346,664e3eb07f,1
3347,76ba896225,2
3348,d0d908374e,3
3349,53485dc0d9,4
3350,2b77f82b42,0
3351,60b3d0d613,1
3352,17c5d2464c,2
3353,0be923c49b,3
3354,7c2609c66c,4
3355,3b5c0e9308,0
3356,964be849b0,1
3357,937ea43a65,2
3358,916aff36ae,3
3359,38178b0ded,4
3360,a5375b180b,0
3361,7568a9474e,1
3362,c1c6a1ebad,2
3363,6348c487a4,3
3364,886dc2e534,4
3365,e799fcac15,0
3366,157b2aa3e0,1
3367,ed20d93bfd,2
3368,415eb5b72c,3
3369,4d9b845652,4
3370,c1190c9c37,0
3371,e10a1a3e81,1
3372,46bec86213,2
3373,b2d02516e1,3
3374,e2d3957c95,4
3375,894b5b40af,0
3376,56f4bcc716,1
3377,3ce657b8f7,2
3378,d62ad254c6,3
3379,89165071a4,4
3380,2010b17cf6,0
3381,f20521b7f5,1
3382,c8ce151a18,2
3383,000e218f21,3
3384,4986fb6755,4
3385,c100d07aa9,0
3386,d9d7716b7a,1
3387,fc8f0668fb,2
3388,0fc5ad7e3b,3
3389,f5b2861c9b,4
3390,39a5b5f33a,0
3391,00950d1627,1
3392,a042e73fee,2
3393,a3de137406,3
3394,f625984494,4
3395,5677f991b7,0
3396,c00c4b8814,1
3397,81d37cb5fd,2
3398,65fe1a0efc,3
3399,2886e27fb6,4
3400,fdff017e77,0
3401,1401f04c4b,1
3402,455c8febce,2
3403,76d080ed6f,3
3404,ec88937127,4
3405,6d8a8e2e6d,0
3406,4b019a8354,1
3407,f1b1f57aee,2
3408,5bf5d82829,3
3409,0ce329b5f9,4
3410,cabe5c94b2,0
3411,d7f7a9f48a,1
3412,0f9977b1dd,2
3413,362cec7849,3
3414,106e4043ba,4
3415,3004f41177,0
3416,9458b40464,1
3417,43001d32e7,2
3418,a8ef242dfd,3
3419,a5299290bb,4
3420,923473085f,0
3421,a21ae8cb6b,1
3422,595deae139,2
3423,ca0d3ea2f5,3
3424,8a1aed2c83,4
3425,a10b932fb3,0
3426,acb95dd7c9,1
3427,b51eed936a,2
3428,67db09fda5,3
3429,1f3299c2ba,4
3430,5081bad441,0
3431,8f1d6045fb,1
3432,f9fc7746fb,2
3433,d73e3ccdec,3
3434,3d99801810,4
3435,7205efa791,0
3436,febd1d2a67,1
3437,d2522cfc93,2
3438,cf1ffe14e0,3
3439,a659530342,4
3440,b6604d4bd6,0
3441,c9ff0d072b,1
3442,288c4c1941,2
3443,76b4df03dd,3
3444,63d3cf63be,4
3445,0fb7b2772a,0
3446,403cb8f4b3,1
3447,790f497dc8,2
3448,4ad8a63538,3
3449,f2259e86f4,4
3450,770af4e501,0
3451,4b72e35b8b,1
3452,58d177c0d0,2
3453,a50ac7d1e2,3
3454,963189b39c,4
3455,728917ca07,0
3456,2425501bf4,1
3457,1cb4733828,2
3458,b964244dfd,3
3459,badb3ea766,4
3460,92a20ccbe2,0
3461,e360f895de,1
3462,5c297b5dcd,2
3463,d7e6e1323a,3
3464,501c68e571,4
3465,1019e6ed47,0
3466,4ef0559016,1
3467,768d5f7ade,2
3468,fbf64b5ea0,3
3469,cb6c6c15ce,4
3470,3531c9193f,0
3471,939c88a964,1
3472,4e51caa68e,2
3473,e5b47aa145,3
3474,abe74273c8,4
3475,7b4ccb8113,0
3476,d7506a6a38,1
3477,6092afaec7,2
3478,6edb010212,3
3479,3371d166f0,4
3480,114daa1bed,0
3481,029c321179,1
3482,581e7f38d7,2
3483,8343ad9ed8,3
3484,3a068284ed,4
3485,cc97e87765,0
3486,6040cbf086,1
3487,a1e3e1af04,2
3488,9874f75819,3
3489,a32b0d0cd7,4
3490,5fa87fc4cd,0
3491,0b9981aba1,1
3492,495e5d8dc0,2
3493,6e72c79c29,3
3494,f21593cfa8,4
3495,65408225fc,0
3496,9b9c107a62,1
3497,9eb4a10b98,2
3498,eeef52be31,3
3499,4ed12ec89a,4
3500,0b7459a0af,0
3501,5c28eec331,1
3502,4f30a97219,2
3503,a7a124fff5,3
3504,28ca5ff16f,4
3505,def16cd3d7,0
3506,65cb9cbc05,1
3507,bfa7ee102e,2
3508,6caec01e67,3
3509,5edca1bb89,4
3510,3dc8ca137c,0
3511,03be56aa9a,1
3512,675cab373f,2
3513,ae51614513,3
3514,b393a57640,4
3515,0f613bd191,0
3516,f3fb95295e,1
3517,c33df3d7ad,2
3518,edea91429d,3
3519,93a1541218,4
3520,a12cbb17e5,0
3521,89dba191b1,1
3522,a4d621da2d,2
3523,8f7b7b9980,3
3524,d9d06aa699,4
3525,dd87f1a21f,0
3526,6c5b8b3950,1
3527,0df53ae04c,2
3528,1075fa3200,3
3529,83c0564224,4
3530,6b2f7ba83d,0
3531,9f07d6a050,1
3532,44ac5b2526,2
3533,a9fd8e2a06,3
3534,d69556b746,4
3535,42b9ff31aa,0
3536,f0190fc4b4,1
3537,ac7df612ff,2
3538,d97f94a2dd,3
3539,ae96972c1a,4
3540,2d8a3a262b,0
3541,45a1f78171,1
3542,88a4200cec,2
3543,5fe333fd26,3
3544,fcf61d1883,4
3545,fefe01ac32,0
3546,640ceb328a,1
3547,1cb9549d2c,2
3548,2f917b1124,3
3549,115ee54da8,4
3550,a91212b01e,0
3551,df344e0599,1
3552,b96ef7e302,2
3553,5d4dcb9d8b,3
3554,3cd4d01b7d,4
3555,071d5aa17f,0
3556,72c2499de9,1
3557,8c232a1cf8,2
3558,ad5454050e,3
3559,71f6fcb48a,4
3560,c33faa5d81,0
3561,29ea4f92c3,1
3562,f8921580bb,2
3563,f288e998f5,3
3564,707f14c59a,4
3565,404b62a4d5,0
3566,0f762f2746,1
3567,0ece337a15,2
3568,b71915a0fe,3
3569,92c91d1494,4
3570,d46c133c20,0
3571,537f18bd97,1
3572,db5bf853fc,2
3573,3dc4b77bb5,3
3574,8023f35b58,4
3575,1986fcadda,0
3576,37251064bd,1
3577,c026a17632,2
3578,ab72556c51,3
3579,a90545f377,4
3580,c5327d784b,0
3581,b448f0fae6,1
3582,041925f04c,2
3583,3ad9500e43,3
3584,b6aa5c7ab4,4
3585,168f625d62,0
3586,316074fdc4,1
3587,dcbb6474ee,2
3588,99f52af0ea,3
3589,34bfcfa11b,4
3590,40fbc03558,0
3591,a19dbb48cd,1
3592,1d9bc2591e,2
3593,053a6f6704,3
3594,7e5a6e5013,4
3595,75c7d3b5a8,0
3596,0f9beb1453,1
3597,24b40af38f,2
3598,f37556e4da,3
3599,7f5a72fa2c,4
3600,2d7a83381c,0
3601,893bd55371,1
3602,cba568b15f,2
3603,c5745e04ff,3
3604,7410f440bb,4
3605,17972a6517,0
3606,fbd61072f4,1
3607,bd2a0b256c,2
3608,36bc8044f8,3
3609,a2da67afff,4
3610,d583d291ea,0
3611,9693c84080,1
3612,b6bca345bb,2
3613,0050766ae2,3
3614,ac1ea6faa4,4
3615,2bce09096c,0
3616,9c30bb0a5f,1
3617,8d08955cdf,2
3618,1a72cc3d3e,3
3619,ccfb270edb,4
3620,b8b3f26ad4,0
3621,4ee5d2c629,1
3622,d752eaa82a,2
3623,553733b17b,3
3624,debe560cfb,4
3625,fbf380831b,0
3626,f0d15c63c5,1
3627,99bc5efa33,2
3628,d6e2bb1586,3
3629,9031ddc924,4
3630,da0f021c5b,0
3631,f59821d067,1
3632,2bd913a165,2
3633,f52c144f24,3
3634,8201005b79,4
3635,54842b574a,0
3636,0829b44678,1
3637,a4e5b9902b,2
3638,870be46a42,3
3639,f4feed1635,4
3640,9aa65d393a,0
3641,3d6d400816,1
3642,b7b83447c4,2
3643,759b3aaa22,3
3644,25bd98aec3,4
3645,730eee262c,0
3646,bc3f2b82ec,1
3647,135ae076e9,2
3648,ebacf0e713,3
3649,d6cba9f9de,4
3650,e642037975,0
3651,e3b1b48b5a,1
3652,c571804a93,2
3653,4e3ccf37ee,3
3654,b5b767492b,4
3655,4b9b8c2e44,0
3656,ce06c157c1,1
3657,7e67ef84e1,2
3658,923249032c,3
3659,ae2ef70d51,4
3660,37ba215c62,0
3661,729c382e20,1
3662,6edba13f1b,2
3663,f7933b266c,3
3664,d9e45a7fab,4
3665,7a2eebff84,0
3666,1277f1a611,1
3667,8f39d964c3,2
3668,1739b1634d,3
3669,fb81781b44,4
3670,93f7759d52,0
3671,57ff97666d,1
3672,fcf5137a10,2
3673,f2c869e655,3
3674,18d013fced,4
3675,e099e54eee,0
3676,27ec51c877,1
3677,62de954435,2
3678,a4c734f1a8,3
3679,429bf7c665,4
3680,174ebb49df,0
3681,82adfbc0f1,1
3682,a94450f57e,2
3683,a988661613,3
3684,3ee4de57f8,4
3685,c98dfd50ba,0
3686,e4c8dc59fa,1
3687,d21012f5c1,2
3688,da94055b53,3
3689,d47c78058a,4
3690,a72f220de9,0
3691,d3c8980685,1
3692,fe11d93a24,2
3693,748f8f4106,3
3694,a913c2fc19,4
3695,8ca267be2b,0
3696,de7202d286,1
3697,a87eb66a65,2
3698,5448c46aac,3
3699,c9a1fd48f6,4
3700,0cf7155eb6,0
3701,df8caa8bdf,1
3702,6fc88fcbed,2
3703,930c8dd0e4,3
3704,527c3abd5f,4
3705,465f93cd9c,0
3706,b8f76a8e5f,1
3707,06523f9719,2
3708,bb63bcb48a,3
3709,c4ed7cdb1c,4
3710,be90ab3e56,0
3711,f2598805e6,1
3712,26382e2d1f,2
3713,51423622fd,3
3714,a317a82463,4
3715,7576015468,0
3716,9b656c339a,1
3717,7b596fc561,2
3718,800daf6ac1,3
3719,f7e855fc40,4
3720,74f00bb214,0
3721,023d486fba,1
3722,1623de321c,2
3723,f3ee165cd0,3
3724,b354751edd,4
3725,c2485cb6c3,0
3726,0c600207b1,1
3727,9efedb3b86,2
3728,f30e47cb36,3
3729,3c2f5ba174,4
3730,2bfa664017,0
3731,c4b4099179,1
3732,d0e8c9833f,2
3733,7af5b00299,3
3734,9ea0525027,4
3735,9053aa6508,0
3736,755c1e849f,1
3737,e0d98e6fde,2
3738,894b9ae774,3
3739,f57cb32d6d,4
3740,60638605b1,0
3741,48940ae0b0,1
3742,86f892ad2f,2
3743,9f2e5a8c24,3
3744,e6caf5eb81,4
3745,94e7558e32,0
3746,762f01c185,1
3747,85c191c52c,2
3748,fd63516ff4,3
3749,15d76f1672,4
3750,96aeb8d018,0
3751,2f2e86de0b,1
3752,00a3af90ab,2
3753,589e94265a,3
3754,8116fa64d4,4
3755,9472731dfd,0
3756,11bfb46a23,1
3757,7ec839af45,2
3758,66cd349922,3
3759,570d1da727,4
3760,f9d8f014c2,0
3761,92d9025a37,1
3762,f9d03271d6,2
3763,370763b8a9,3
3764,6d93c0a95e,4
3765,3cd0ce6e18,0
3766,76ecdc5896,1
3767,a4ae0c0e35,2
3768,c6648ea2ca,3
3769,9146f2afd1,4
3770,8db0a68a4c,0
3771,078f36a006,1
3772,0497f2d447,2
3773,38ec59117e,3
3774,6d69267940,4
3775,7bfd026d91,0
3776,58d62862fa,1
3777,e27400528c,2
3778,05c33e6854,3
3779,c8404c2d4f,4
3780,776d123d8d,0
3781,e44dcaeb74,1
3782,6dba47cc58,2
3783,9b80cf8992,3
3784,6db821bf5f,4
3785,d268ae57b5,0
3786,a7b1f4bae1,1
3787,875b087f1c,2
3788,8919be1266,3
3789,ce16b0d0bc,4
3790,f28b483859,0
3791,b9a7c521ac,1
3792,c749d05181,2
3793,a5833d6cc4,3
3794,cd2046479c,4
3795,ca84b9e8d4,0
3796,8b5757d8ee,1
3797,37aa9fc79a,2
3798,84e305da04,3
3799,4ac19fb269,4
3800,ec5db065d9,0
3801,3320eb35e4,1
3802,911f05128d,2
3803,c42d63b0e6,3
3804,9fe707f837,4
3805,9492db510d,0
3806,6545c6235b,1
3807,d4acb30303,2
3808,3e87545802,3
3809,cef03959d8,4
3810,1d0a131f99,0
3811,ab82b9e44e,1
3812,186edd93a3,2
3813,99405de5c5,3
3814,b42ffc97d4,4
3815,dae1555fbf,0
3816,0822e176b2,1
3817,9f4471dcd6,2
3818,cfcffeda9e,3
3819,2f493f72ff,4
3820,457d5edb4c,0
3821,96cc5caec0,1
3822,5ee2d40bbb,2
3823,459396b418,3
3824,46dd77ede5,4
3825,b8ee1d8dbd,0
3826,66cf41c563,1
3827,1f9dcb9a1f,2
3828,1dbc694c5d,3
3829,c352f6069b,4
3830,b76760a4a1,0
3831,db9bb00470,1
3832,1724889841,2
3833,e101b9a0ec,3
3834,5108785aaf,4
3835,34f61e9a54,0
3836,bb1743a571,1
3837,dcca0c8297,2
3838,146ec37657,3
3839,423800be38,4
3840,f85a85710a,0
3841,0f19680b4d,1
3842,56ab4fae30,2
3843,84242f42bc,3
3844,abbfb56731,4
3845,feb90d8376,0
3846,b2958f2747,1
3847,9c6f8e4676,2
3848,963210b127,3
3849,aeb36c1964,4
3850,499560e566,0
3851,547c9d83fd,1
3852,d30ad7d936,2
3853,b6ebc3831e,3
3854,29beb70925,4
3855,7134e4acac,0
3856,d4033ae7f2,1
3857,077cb8696f,2
3858,c7a92a6707,3
3859,53e17edd83,4
3860,1d2cd614be,0
3861,39dd1c43bd,1
3862,62e72fe39a,2
3863,dd11ae96e3,3
3864,3072ae3119,4
3865,23e1bb3ee8,0
3866,2b1e71c2a3,1
3867,a4932322ce,2
3868,d5afcea9a2,3
3869,361d5e6834,4
3870,0deadce8f1,0
3871,9539d280a6,1
3872,0f02cec809,2
3873,30491b379f,3
3874,1f50bc7a9f,4
3875,a2a012f128,0
3876,3480629331,1
3877,5d07e84138,2
3878,de261976e6,3
3879,4f02bab289,4
3880,6957579961,0
3881,2444e83809,1
3882,46c1a0e9a3,2
3883,b240582de8,3
3884,eb23ddad08,4
3885,2101c21f75,0
3886,7ec803b58a,1
3887,7e26f45eb9,2
3888,22fdf96a54,3
3889,c0cbdabcc3,4
3890,e2810cc777,0
3891,e12cd094a6,1
3892,49336bb17b,2
3893,ba045610d1,3
3894,97adf32d4d,4
3895,a5d188bbd7,0
3896,5c0cde01b7,1
3897,230226a446,2
3898,a149b73993,3
3899,6c40978ddf,4
3900,1e5e713964,0
3901,dca3f5ce34,1
3902,289af097b0,2
3903,67d3486ac8,3
3904,9ccf9ff1c3,4
3905,32887c2719,0
3906,a8e4e6ddec,1
3907,c09f4e95e8,2
3908,4319885cf1,3
3909,6558dcde17,4
3910,b91a91adc5,0
3911,d14ad5cb55,1
3912,97a653e83c,2
3913,a3e89a273d,3
3914,843f9892ef,4
3915,accb644c9e,0
3916,7d87ab4aa8,1
3917,f7d4d6fb0d,2
3918,0eb52aa52a,3
3919,ce9c3510a8,4
3920,4776354474,0
3921,25d24d4554,1
3922,086deb3ccb,2
3923,e4d2bf6036,3
3924,08640ede7a,4
3925,4f105993c5,0
3926,9dde6475f9,1
3927,e185ab5dc1,2
3928,38063f77a8,3
3929,938d11586e,4
3930,73f58ba609,0
3931,429b289e07,1
3932,a653a50dc4,2
3933,5a02df7676,3
3934,6760543d8f,4
3935,ad2fa649f7,0
3936,e9ce8188b9,1
3937,a959b2372a,2
3938,ef406bff03,3
3939,8c916f9cb5,4
3940,efe3043924,0
3941,81c77c1b6c,1
3942,7c99d1c1eb,2
3943,fd9db12ca0,3
3944,a6ba9b9f91,4
3945,83967f4314,0
3946,03a9a9f615,1
3947,2b39f9a88f,2
3948,01c2045d03,3
3949,557feaaf65,4
3950,7ec97427ca,0
3951,1751290ca2,1
3952,396ae389d8,2
3953,3c66e5ab54,3
3954,af171a3570,4
3955,be2dd1db16,0
3956,a562619124,1
3957,d0eb51a04f,2
3958,70c92bc80f,3
3959,6dc7a51dd9,4
3960,fbc98aedc0,0
3961,9b450671aa,1
3962,9511856b03,2
3963,0108518d1e,3
3964,c78996aa02,4
3965,f7e8060b57,0
3966,05b69f83bf,1
3967,fb47e8e74e,2
3968,4c43d99f68,3
3969,93196366e1,4
3970,16207869ba,0
3971,44d745a704,1
3972,711c478c93,2
3973,84e23dba29,3
3974,e73532b450,4
3975,8329ec9395,0
3976,7e7276d088,1
3977,0e63d9a8b4,2
3978,1d80de2ec9,3
3979,919bc0e2ba,4
3980,5cada3d3f1,0
3981,0530b67189,1
3982,fb44090bc7,2
3983,3c1ed5cc1f,3
3984,c7f54785b8,4
3985,158765ed16,0
3986,3ff3881428,1
3987,e8d8b35601,2
3988,a7cfa30d35,3
3989,917ef84e64,4
3990,633c7d5c80,0
3991,30082e87d9,1
3992,f139be21a4,2
3993,ac931ace49,3
3994,cb36193e2f,4
3995,9cbd5ddba4,0
3996,caa039b231,1
3997,1306fcee4c,2
3998,48d81e93d9,3
3999,edf1e6ac00,4
